EmployeeID,Name,Age,Salary,Experience,Department,JobSatisfaction,WorkLifeBalance,EnvironmentSatisfaction,RelationshipSatisfaction,CompositeSatisfaction,Overtime,AttritionPrediction,AttritionProbability
EMP-1000,Alexander Brown,41,20176,13,Research & Development,5,3,3,1,3.0,No,NO,0.09
EMP-1001,Sophia Hernandez,35,6850,7,Sales,3,3,3,3,3.0,No,NO,0.30
EMP-1002,Liam Moore,42,9835,5,Sales,3,5,3,3,3.5,No,YES,0.32
EMP-1003,Olivia Harris,49,8685,18,Marketing,4,3,3,2,3.0,No,NO,0.21
EMP-1004,Noah Young,35,8542,11,Research & Development,4,2,3,2,2.75,No,NO,0.19
EMP-1005,Emma Hill,35,7599,11,Sales,5,3,1,3,3.0,No,YES,0.21
EMP-1006,Ethan Rivera,50,10192,3,Engineering,1,3,3,4,2.75,No,NO,0.26
EMP-1007,Ava Evans,43,16263,15,Research & Development,2,1,2,3,2.0,Yes,NO,0.29
EMP-1008,James Reyes,33,8111,8,Marketing,2,3,1,4,2.5,No,NO,0.30
EMP-1009,Isabella Gutierrez,41,10855,12,Research & Development,2,3,3,3,2.75,No,YES,0.18
EMP-1010,Oliver Kelly,33,3548,3,Engineering,2,3,3,5,3.25,No,YES,0.32
EMP-1011,Mia Watson,33,5477,3,Marketing,4,3,3,4,3.5,No,YES,0.28
EMP-1012,Benjamin Castillo,39,9019,7,Human Resources,1,3,1,3,2.0,No,NO,0.27
EMP-1013,Charlotte Vasquez,20,5746,0,Sales,3,3,4,2,3.0,Yes,YES,0.88
EMP-1014,Elijah Johnson,22,3609,1,Research & Development,3,5,3,2,3.25,Yes,YES,0.90
EMP-1015,Amelia Rodriguez,32,6668,9,Marketing,2,3,2,5,3.0,No,NO,0.23
EMP-1016,Lucas Thomas,28,4277,0,Sales,2,1,3,3,2.25,No,YES,0.94
EMP-1017,Harper Thompson,39,8877,7,Research & Development,3,5,3,3,3.5,No,NO,0.19
EMP-1018,Mason Robinson,29,8218,2,Engineering,4,4,1,2,2.75,No,YES,0.38
EMP-1019,Evelyn Torres,24,4358,4,Sales,4,1,3,4,3.0,Yes,YES,0.89
EMP-1020,Logan Baker,49,13594,14,Research & Development,4,2,4,3,3.25,No,NO,0.04
EMP-1021,Abigail Gomez,35,10450,6,Research & Development,5,2,4,3,3.5,No,NO,0.14
EMP-1022,Daniel Edwards,37,8247,4,Research & Development,3,2,2,3,2.5,No,NO,0.37
EMP-1023,Emily Cook,24,5867,2,Sales,5,1,4,3,3.25,Yes,YES,0.89
EMP-1024,Henry Bailey,32,4147,2,Human Resources,4,5,3,3,3.75,No,YES,0.59
EMP-1025,Elizabeth Ward,37,12153,8,Sales,4,3,5,3,3.75,No,NO,0.12
EMP-1026,Jackson Bennett,27,5228,6,Engineering,1,3,1,4,2.25,No,YES,0.77
EMP-1027,Mila Burns,40,7564,15,Marketing,5,4,3,4,4.0,No,NO,0.07
EMP-1028,Sebastian Porter,31,6777,3,Human Resources,3,4,3,4,3.5,No,YES,0.13
EMP-1029,Ella Miller,34,10345,10,Research & Development,4,4,2,2,3.0,No,NO,0.17
EMP-1030,Aiden Wilson,31,7191,1,Engineering,2,4,4,4,3.5,Yes,NO,0.79
EMP-1031,Avery Lee,52,12475,11,Sales,3,3,3,2,2.75,No,NO,0.04
EMP-1032,Matthew Ramirez,36,6833,4,Sales,2,5,1,2,2.5,No,NO,0.20
EMP-1033,Sofia Wright,28,2427,0,Human Resources,1,4,3,5,3.25,Yes,YES,0.92
EMP-1034,Samuel Adams,43,11900,13,Sales,2,1,3,4,2.5,No,YES,0.47
EMP-1035,Camila Carter,26,7103,4,Marketing,4,3,2,3,3.0,No,NO,0.40
EMP-1036,David Parker,38,12083,12,Research & Development,1,3,5,4,3.25,No,NO,0.05
EMP-1037,Aria Morales,20,2988,0,Human Resources,3,5,4,5,4.25,No,YES,0.70
EMP-1038,Joseph Cooper,25,6433,3,Research & Development,2,3,2,3,2.5,No,NO,0.53
EMP-1039,Scarlett Kim,38,8636,15,Marketing,3,3,3,3,3.0,No,YES,0.14
EMP-1040,Carter Wood,43,12410,7,Research & Development,1,1,3,4,2.25,Yes,YES,0.46
EMP-1041,Victoria Tucker,38,9579,9,Research & Development,2,2,4,2,2.5,No,NO,0.25
EMP-1042,Owen Crawford,36,7026,4,Research & Development,3,1,5,2,2.75,Yes,NO,0.59
EMP-1043,Madison Jones,34,15131,9,Sales,3,2,3,4,3.0,Yes,YES,0.40
EMP-1044,Wyatt Lopez,24,6182,3,Research & Development,2,4,4,3,3.25,No,NO,0.30
EMP-1045,Luna Jackson,30,5594,5,Sales,2,2,3,2,2.25,No,YES,0.50
EMP-1046,John Sanchez,33,7533,6,Sales,2,3,3,3,2.75,No,NO,0.41
EMP-1047,Grace Allen,45,11953,10,Research & Development,5,1,5,3,3.5,Yes,NO,0.25
EMP-1048,Jack Flores,39,16004,9,Research & Development,3,2,3,5,3.25,No,NO,0.04
EMP-1049,Chloe Campbell,22,3837,0,Engineering,3,3,3,4,3.25,Yes,YES,0.89
EMP-1050,Luke Turner,39,20797,10,Engineering,2,1,4,3,2.5,No,NO,0.17
EMP-1051,Penelope Stewart,33,8415,11,Engineering,3,3,2,5,3.25,No,NO,0.24
EMP-1052,Jayden Ortiz,31,6782,3,Engineering,1,1,3,5,2.5,Yes,YES,0.51
EMP-1053,Layla Howard,42,9446,10,Research & Development,1,1,5,3,2.5,No,YES,0.26
EMP-1054,Dylan Brooks,45,10009,9,Research & Development,3,2,4,5,3.5,Yes,YES,0.51
EMP-1055,Riley Webb,44,9021,7,Research & Development,3,3,4,3,3.25,No,NO,0.20
EMP-1056,Grayson Snyder,29,6885,6,Engineering,2,1,2,2,1.75,No,NO,0.34
EMP-1057,Zoey Williams,34,10646,4,Finance,4,3,3,2,3.0,No,NO,0.15
EMP-1058,Levi Martinez,39,15703,12,Sales,5,4,5,4,4.5,No,NO,0.04
EMP-1059,Nora Taylor,45,13671,11,Research & Development,3,4,3,3,3.25,No,NO,0.16
EMP-1060,Isaac White,32,5249,2,Research & Development,2,1,2,4,2.25,Yes,YES,0.81
EMP-1061,Lily Walker,35,6204,4,Research & Development,5,2,3,4,3.5,Yes,NO,0.25
EMP-1062,Gabriel Nguyen,27,6307,3,Sales,4,3,3,1,2.75,No,YES,0.60
EMP-1063,Eleanor Hall,26,5479,2,Research & Development,3,1,2,1,1.75,No,YES,0.72
EMP-1064,Julian Phillips,43,9717,8,Finance,4,4,4,3,3.75,Yes,YES,0.47
EMP-1065,Hannah Collins,48,13355,11,Sales,2,5,5,2,3.5,No,NO,0.06
EMP-1066,Mateo Rogers,36,7739,4,Marketing,3,4,3,3,3.25,No,NO,0.21
EMP-1067,Lillian Reed,45,9682,5,Engineering,2,3,4,3,3.0,Yes,NO,0.46
EMP-1068,Anthony Richardson,40,9958,10,Engineering,2,4,4,3,3.25,No,YES,0.39
EMP-1069,Addison Mendoza,31,2665,0,Human Resources,3,3,4,3,3.25,No,NO,0.59
EMP-1070,Jaxon Henry,40,7569,6,Human Resources,2,3,1,3,2.25,No,NO,0.27
EMP-1071,Aubrey Smith,50,19649,14,Human Resources,4,3,2,4,3.25,Yes,NO,0.13
EMP-1072,Lincoln Davis,36,6899,12,Human Resources,3,3,1,5,3.0,No,NO,0.23
EMP-1073,Ellie Anderson,50,15687,11,Sales,3,1,1,4,2.25,Yes,NO,0.62
EMP-1074,Joshua Perez,20,3019,1,Finance,2,3,3,3,2.75,Yes,YES,0.92
EMP-1075,Stella Lewis,43,8671,5,Engineering,2,4,3,2,2.75,No,NO,0.37
EMP-1076,Christopher Scott,37,13968,9,Engineering,3,1,2,4,2.5,No,NO,0.17
EMP-1077,Natalie Nelson,34,5998,5,Marketing,5,3,1,5,3.5,No,NO,0.20
EMP-1078,Andrew Roberts,37,7574,3,Research & Development,1,5,3,2,2.75,No,NO,0.14
EMP-1079,Zoe Cruz,20,3957,1,Research & Development,2,4,2,2,2.5,No,YES,0.87
EMP-1080,Theodore Murphy,35,6476,6,Sales,3,4,4,2,3.25,Yes,YES,0.71
EMP-1081,Leah Peterson,40,8602,3,Sales,1,3,1,4,2.25,No,NO,0.53
EMP-1082,Caleb Cox,49,16038,15,Engineering,4,1,4,3,3.0,No,NO,0.06
EMP-1083,Hazel James,32,3480,1,Sales,3,4,5,1,3.25,Yes,YES,0.87
EMP-1084,Ryan Freeman,30,5628,6,Sales,3,2,4,4,3.25,No,YES,0.29
EMP-1085,Violet Jimenez,32,2692,3,Sales,3,3,4,3,3.25,No,YES,0.62
EMP-1086,Asher Garcia,44,18151,22,Research & Development,2,2,5,3,3.0,No,NO,0.08
EMP-1087,Aurora Gonzalez,39,9139,5,Human Resources,3,2,2,3,2.5,No,NO,0.34
EMP-1088,Nathan Martin,32,6243,5,Engineering,4,3,5,3,3.75,Yes,YES,0.65
EMP-1089,Savannah Clark,41,13672,11,Research & Development,4,3,4,3,3.5,No,NO,0.08
EMP-1090,Thomas King,37,8290,5,Sales,4,3,4,3,3.5,Yes,YES,0.70
EMP-1091,Audrey Green,45,11310,16,Sales,4,4,3,3,3.5,No,NO,0.16
EMP-1092,Leo Mitchell,31,10756,5,Research & Development,2,2,3,4,2.75,No,NO,0.18
EMP-1093,Brooklyn Diaz,34,5295,1,Research & Development,3,2,3,4,3.0,No,NO,0.43
EMP-1094,Isaiah Morris,33,9564,2,Finance,3,3,3,3,3.0,No,YES,0.38
EMP-1095,Bella Morgan,24,3229,3,Sales,4,2,4,3,3.25,Yes,YES,0.90
EMP-1096,Charles Ramos,39,8848,7,Research & Development,3,5,1,4,3.25,No,NO,0.11
EMP-1097,Claire Chavez,39,9115,7,Research & Development,3,1,3,1,2.0,No,NO,0.40
EMP-1098,Josiah Washington,37,6717,6,Human Resources,4,4,3,1,3.0,No,YES,0.20
EMP-1099,Skylar Simpson,35,6405,3,Human Resources,3,3,2,3,2.75,No,NO,0.37
EMP-1100,Hudson Brown,24,8797,2,Human Resources,1,3,2,3,2.25,No,YES,0.57
EMP-1101,Lucy Hernandez,33,8517,5,Research & Development,2,1,2,2,1.75,Yes,YES,0.59
EMP-1102,Christian Moore,34,9873,13,Marketing,3,3,3,4,3.25,No,YES,0.18
EMP-1103,Paisley Harris,30,4989,5,Sales,4,2,3,4,3.25,No,NO,0.32
EMP-1104,Hunter Young,35,5233,6,Research & Development,5,2,1,5,3.25,No,YES,0.17
EMP-1105,Everly Hill,40,12380,8,Sales,2,3,5,2,3.0,Yes,NO,0.39
EMP-1106,Connor Rivera,53,11960,14,Sales,3,4,4,4,3.75,No,NO,0.13
EMP-1107,Anna Evans,38,14773,7,Marketing,4,4,4,2,3.5,No,NO,0.12
EMP-1108,Eli Reyes,39,11838,11,Marketing,2,3,2,3,2.5,No,NO,0.37
EMP-1109,Caroline Gutierrez,36,9293,6,Research & Development,2,3,3,3,2.75,No,NO,0.20
EMP-1110,Ezra Kelly,20,3407,1,Marketing,5,2,3,3,3.25,Yes,YES,0.91
EMP-1111,Nova Watson,36,10260,6,Engineering,4,5,5,4,4.5,No,YES,0.15
EMP-1112,Aaron Castillo,37,7817,11,Marketing,1,3,4,1,2.25,No,NO,0.32
EMP-1113,Genesis Vasquez,57,13389,24,Research & Development,2,2,3,3,2.5,No,NO,0.09
EMP-1114,Landon Johnson,35,5855,4,Sales,3,1,4,2,2.5,Yes,YES,0.64
EMP-1115,Emilia Rodriguez,39,7360,3,Research & Development,4,3,2,4,3.25,No,YES,0.18
EMP-1116,Adrian Thomas,36,11236,13,Engineering,4,3,1,1,2.25,No,NO,0.22
EMP-1117,Kennedy Thompson,27,4160,3,Research & Development,2,1,4,4,2.75,No,NO,0.54
EMP-1118,Jonathan Robinson,46,9466,11,Sales,5,4,1,4,3.5,No,NO,0.20
EMP-1119,Samantha Torres,43,12306,6,Research & Development,3,4,2,4,3.25,No,NO,0.11
EMP-1120,Nolan Baker,43,11452,6,Research & Development,4,3,4,2,3.25,No,NO,0.19
EMP-1121,Maya Gomez,29,6604,7,Human Resources,3,1,2,3,2.25,No,NO,0.26
EMP-1122,Jeremiah Edwards,48,21945,20,Engineering,1,3,3,1,2.0,Yes,YES,0.18
EMP-1123,Willow Cook,25,3221,3,Human Resources,5,5,5,4,4.75,No,NO,0.23
EMP-1124,Easton Bailey,41,9139,8,Engineering,2,4,3,4,3.25,Yes,NO,0.48
EMP-1125,Kinsley Ward,55,19328,19,Research & Development,2,2,2,3,2.25,No,NO,0.13
EMP-1126,Elias Bennett,28,4173,3,Sales,4,2,2,4,3.0,No,YES,0.66
EMP-1127,Naomi Burns,32,7487,6,Sales,3,3,2,2,2.5,No,YES,0.60
EMP-1128,Colton Porter,37,5569,4,Research & Development,4,3,1,3,2.75,No,NO,0.21
EMP-1129,Aaliyah Miller,32,3573,2,Sales,3,3,1,3,2.5,No,YES,0.79
EMP-1130,Cameron Wilson,23,4392,2,Human Resources,3,5,3,5,4.0,Yes,YES,0.91
EMP-1131,Elena Lee,37,11456,8,Sales,4,2,3,4,3.25,Yes,YES,0.58
EMP-1132,Carson Ramirez,27,5327,3,Engineering,1,1,4,4,2.5,Yes,YES,0.76
EMP-1133,Sarah Wright,41,6081,7,Sales,4,4,4,5,4.25,No,NO,0.08
EMP-1134,Robert Adams,29,4058,5,Research & Development,2,1,4,3,2.5,No,NO,0.36
EMP-1135,Ariana Carter,50,19046,9,Research & Development,4,5,3,5,4.25,No,NO,0.01
EMP-1136,Angel Parker,30,4804,1,Sales,2,3,2,3,2.5,No,NO,0.65
EMP-1137,Allison Morales,34,7092,6,Research & Development,2,4,4,4,3.5,Yes,NO,0.27
EMP-1138,Maverick Cooper,43,7727,4,Research & Development,4,2,3,4,3.25,No,NO,0.26
EMP-1139,Gabriella Kim,26,3462,4,Sales,3,1,1,1,1.5,Yes,YES,0.96
EMP-1140,Nicholas Wood,38,13253,13,Sales,3,2,4,3,3.0,Yes,YES,0.42
EMP-1141,Alice Tucker,48,24500,23,Research & Development,4,3,3,1,2.75,Yes,NO,0.12
EMP-1142,Dominic Crawford,23,4173,2,Engineering,4,2,2,5,3.25,No,YES,0.61
EMP-1143,Madelyn Jones,38,11774,5,Human Resources,5,5,4,2,4.0,No,YES,0.14
EMP-1144,Jaxson Lopez,39,9695,8,Research & Development,3,4,5,3,3.75,No,NO,0.18
EMP-1145,Cora Jackson,43,18222,9,Engineering,2,3,3,4,3.0,No,NO,0.25
EMP-1146,Greyson Sanchez,26,4732,3,Human Resources,1,2,3,2,2.0,No,YES,0.59
EMP-1147,Ruby Allen,25,5052,4,Human Resources,2,3,3,3,2.75,Yes,NO,0.63
EMP-1148,Adam Flores,41,14101,7,Sales,2,4,4,3,3.25,No,NO,0.10
EMP-1149,Eva Campbell,39,12768,9,Research & Development,3,3,1,2,2.25,No,NO,0.08
EMP-1150,Ian Turner,39,9444,4,Engineering,2,5,3,4,3.5,No,NO,0.16
EMP-1151,Serenity Stewart,39,5318,7,Sales,1,2,5,3,2.75,No,NO,0.31
EMP-1152,Austin Ortiz,31,6505,10,Finance,1,2,2,2,1.75,No,YES,0.30
EMP-1153,Autumn Howard,38,10107,5,Engineering,3,1,5,3,3.0,Yes,YES,0.43
EMP-1154,Santiago Brooks,39,15882,12,Sales,3,4,5,3,3.75,No,NO,0.07
EMP-1155,Adeline Webb,30,6887,4,Research & Development,3,3,2,5,3.25,No,NO,0.17
EMP-1156,Jordan Snyder,52,15067,19,Research & Development,3,1,4,4,3.0,Yes,NO,0.16
EMP-1157,Hailey Williams,41,8110,13,Research & Development,1,2,2,3,2.0,No,NO,0.13
EMP-1158,Cooper Martinez,26,3426,1,Sales,5,1,4,3,3.25,No,YES,0.82
EMP-1159,Gianna Taylor,42,12880,12,Research & Development,3,2,4,3,3.0,No,NO,0.13
EMP-1160,Alexander White,28,3568,1,Sales,2,3,2,3,2.5,No,YES,0.68
EMP-1161,Sophia Walker,43,6650,4,Research & Development,4,2,4,3,3.25,No,NO,0.28
EMP-1162,Liam Nguyen,46,11805,11,Finance,4,2,4,4,3.5,No,NO,0.11
EMP-1163,Olivia Hall,30,12553,8,Research & Development,2,4,3,3,3.0,Yes,NO,0.40
EMP-1164,Noah Phillips,45,13133,13,Marketing,4,2,2,2,2.5,Yes,NO,0.27
EMP-1165,Emma Collins,40,7601,5,Marketing,2,4,1,3,2.5,No,NO,0.43
EMP-1166,Ethan Rogers,43,7110,2,Sales,2,1,3,1,1.75,No,NO,0.76
EMP-1167,Ava Reed,53,21319,18,Engineering,1,3,5,4,3.25,No,NO,0.03
EMP-1168,James Richardson,34,7334,6,Sales,2,3,4,3,3.0,Yes,NO,0.72
EMP-1169,Isabella Mendoza,30,5075,5,Human Resources,2,1,3,3,2.25,Yes,YES,0.70
EMP-1170,Oliver Henry,29,8478,5,Research & Development,5,2,3,3,3.25,Yes,NO,0.38
EMP-1171,Mia Smith,30,7771,7,Research & Development,1,4,2,5,3.0,No,NO,0.17
EMP-1172,Benjamin Davis,36,5788,6,Sales,3,5,2,2,3.0,No,NO,0.32
EMP-1173,Charlotte Anderson,39,17140,14,Sales,3,1,3,4,2.75,No,NO,0.10
EMP-1174,Elijah Perez,39,4822,5,Sales,4,2,3,3,3.0,Yes,NO,0.56
EMP-1175,Amelia Lewis,44,11816,3,Research & Development,5,5,3,4,4.25,No,NO,0.11
EMP-1176,Lucas Scott,37,12203,12,Sales,4,1,5,4,3.5,No,NO,0.15
EMP-1177,Harper Nelson,49,7698,5,Research & Development,4,2,3,2,2.75,Yes,YES,0.42
EMP-1178,Mason Roberts,34,8307,6,Research & Development,4,5,3,4,4.0,No,NO,0.05
EMP-1179,Evelyn Cruz,60,21333,29,Research & Development,5,5,2,4,4.0,No,NO,0.01
EMP-1180,Logan Murphy,42,8922,2,Research & Development,4,3,5,1,3.25,Yes,NO,0.55
EMP-1181,Abigail Peterson,29,8584,5,Research & Development,1,2,4,2,2.25,Yes,YES,0.77
EMP-1182,Daniel Cox,27,5737,1,Engineering,3,2,4,3,3.0,No,YES,0.54
EMP-1183,Emily James,41,12985,9,Research & Development,3,4,3,4,3.5,No,NO,0.06
EMP-1184,Henry Freeman,35,4022,0,Human Resources,3,5,3,4,3.75,No,NO,0.50
EMP-1185,Elizabeth Jimenez,43,13147,4,Research & Development,2,3,3,4,3.0,Yes,NO,0.29
EMP-1186,Jackson Garcia,41,9764,5,Marketing,3,4,2,4,3.25,No,YES,0.32
EMP-1187,Mila Gonzalez,36,4818,1,Sales,5,4,4,4,4.25,No,NO,0.16
EMP-1188,Sebastian Martin,29,8633,5,Research & Development,1,3,5,3,3.0,No,NO,0.20
EMP-1189,Ella Clark,24,5259,2,Sales,3,4,2,3,3.0,Yes,YES,0.85
EMP-1190,Aiden King,33,8718,10,Sales,4,2,1,5,3.0,Yes,YES,0.69
EMP-1191,Avery Green,44,7217,4,Sales,4,2,4,1,2.75,Yes,YES,0.75
EMP-1192,Matthew Mitchell,38,11934,6,Research & Development,5,2,2,3,3.0,Yes,YES,0.41
EMP-1193,Sofia Diaz,26,4350,1,Finance,4,4,3,4,3.75,No,NO,0.41
EMP-1194,Samuel Morris,38,8079,5,Sales,3,3,4,3,3.25,No,NO,0.24
EMP-1195,Camila Morgan,40,19506,15,Research & Development,2,2,3,1,2.0,No,NO,0.17
EMP-1196,David Ramos,29,14435,5,Engineering,3,4,4,1,3.0,No,YES,0.16
EMP-1197,Aria Chavez,38,5808,3,Sales,4,3,3,4,3.5,Yes,NO,0.53
EMP-1198,Joseph Washington,37,6257,1,Engineering,4,5,4,5,4.5,Yes,NO,0.44
EMP-1199,Scarlett Simpson,27,3893,0,Sales,4,2,4,3,3.25,No,YES,0.75
EMP-1200,Carter Brown,40,12998,11,Engineering,2,2,4,3,2.75,Yes,NO,0.26
EMP-1201,Victoria Hernandez,41,9564,5,Research & Development,2,1,1,3,1.75,Yes,NO,0.75
EMP-1202,Owen Moore,46,18489,24,Engineering,3,5,2,2,3.0,Yes,NO,0.23
EMP-1203,Madison Harris,45,9791,11,Engineering,1,1,1,1,1.0,Yes,YES,0.79
EMP-1204,Wyatt Young,25,6864,1,Research & Development,2,2,3,3,2.5,Yes,YES,0.80
EMP-1205,Luna Hill,29,5802,1,Research & Development,2,4,4,3,3.25,No,NO,0.24
EMP-1206,John Rivera,41,11569,13,Research & Development,4,3,3,2,3.0,No,NO,0.10
EMP-1207,Grace Evans,41,9840,6,Finance,2,4,4,2,3.0,Yes,NO,0.38
EMP-1208,Jack Reyes,41,18675,11,Research & Development,1,3,3,4,2.75,Yes,NO,0.32
EMP-1209,Chloe Gutierrez,62,13356,17,Sales,5,2,3,4,3.5,No,NO,0.06
EMP-1210,Luke Kelly,41,11359,9,Research & Development,2,1,4,5,3.0,Yes,YES,0.56
EMP-1211,Penelope Watson,46,9732,16,Sales,1,2,3,3,2.25,No,NO,0.14
EMP-1212,Jayden Castillo,45,7747,4,Sales,2,2,4,1,2.25,Yes,YES,0.76
EMP-1213,Layla Vasquez,42,12756,10,Finance,2,3,2,4,2.75,Yes,YES,0.38
EMP-1214,Dylan Johnson,34,5347,5,Sales,2,5,5,2,3.5,No,NO,0.17
EMP-1215,Riley Rodriguez,43,14147,14,Engineering,1,1,3,4,2.25,No,NO,0.11
EMP-1216,Grayson Thomas,30,9169,7,Sales,3,3,4,4,3.5,Yes,YES,0.69
EMP-1217,Zoey Thompson,34,7768,3,Research & Development,2,3,1,4,2.5,No,YES,0.22
EMP-1218,Levi Robinson,32,6362,7,Research & Development,3,1,3,5,3.0,Yes,NO,0.28
EMP-1219,Nora Torres,37,7136,3,Sales,4,3,5,4,4.0,Yes,NO,0.23
EMP-1220,Isaac Baker,56,16405,13,Finance,3,2,4,4,3.25,No,NO,0.03
EMP-1221,Lily Gomez,21,4327,1,Engineering,5,3,1,3,3.0,No,YES,0.76
EMP-1222,Gabriel Edwards,42,17047,13,Research & Development,3,3,3,5,3.5,No,NO,0.04
EMP-1223,Eleanor Cook,23,4029,2,Research & Development,3,4,3,2,3.0,No,YES,0.74
EMP-1224,Julian Bailey,32,6553,2,Research & Development,4,2,2,5,3.25,No,NO,0.18
EMP-1225,Hannah Ward,46,8675,14,Marketing,1,4,4,3,3.0,No,NO,0.09
EMP-1226,Mateo Bennett,37,6693,7,Engineering,1,3,2,2,2.0,Yes,YES,0.74
EMP-1227,Lillian Burns,27,9633,6,Engineering,4,3,3,4,3.5,Yes,YES,0.68
EMP-1228,Anthony Porter,30,5646,3,Sales,3,3,4,1,2.75,No,NO,0.31
EMP-1229,Addison Miller,42,8032,7,Sales,4,3,3,4,3.5,Yes,YES,0.41
EMP-1230,Jaxon Wilson,30,6476,9,Sales,5,4,4,3,4.0,No,NO,0.21
EMP-1231,Aubrey Lee,38,14650,12,Research & Development,3,3,5,4,3.75,No,NO,0.06
EMP-1232,Lincoln Ramirez,37,4458,3,Sales,3,3,2,4,3.0,No,NO,0.42
EMP-1233,Ellie Wright,31,8726,4,Research & Development,3,5,4,4,4.0,Yes,NO,0.17
EMP-1234,Joshua Adams,55,19437,18,Research & Development,5,4,2,3,3.5,No,NO,0.03
EMP-1235,Stella Carter,42,7449,13,Marketing,4,5,3,1,3.25,No,NO,0.13
EMP-1236,Christopher Parker,20,3611,0,Engineering,5,4,1,4,3.5,No,NO,0.70
EMP-1237,Natalie Morales,38,22036,13,Sales,1,2,2,2,1.75,Yes,YES,0.53
EMP-1238,Andrew Cooper,31,6460,1,Sales,4,1,3,3,2.75,No,NO,0.40
EMP-1239,Zoe Kim,44,6385,4,Sales,2,2,3,3,2.5,No,NO,0.42
EMP-1240,Theodore Wood,30,10691,7,Engineering,2,5,4,3,3.5,No,NO,0.12
EMP-1241,Leah Tucker,36,6904,7,Engineering,5,2,4,2,3.25,No,YES,0.11
EMP-1242,Caleb Crawford,41,8313,9,Engineering,1,1,5,2,2.25,No,NO,0.18
EMP-1243,Hazel Jones,44,14172,13,Engineering,5,4,3,2,3.5,No,NO,0.05
EMP-1244,Ryan Lopez,26,5834,2,Research & Development,2,4,2,4,3.0,No,YES,0.64
EMP-1245,Violet Jackson,34,7578,2,Research & Development,4,2,3,1,2.5,Yes,NO,0.75
EMP-1246,Asher Sanchez,32,8956,6,Sales,2,2,3,5,3.0,No,YES,0.49
EMP-1247,Aurora Allen,31,9461,7,Research & Development,3,3,3,2,2.75,No,NO,0.34
EMP-1248,Nathan Flores,52,10804,14,Engineering,2,1,4,2,2.25,No,YES,0.17
EMP-1249,Savannah Campbell,40,9457,7,Research & Development,3,4,3,3,3.25,Yes,NO,0.62
EMP-1250,Thomas Turner,26,5816,1,Research & Development,3,2,3,1,2.25,No,YES,0.73
EMP-1251,Audrey Stewart,44,10885,8,Sales,3,4,2,3,3.0,Yes,YES,0.76
EMP-1252,Leo Ortiz,55,23082,29,Finance,1,4,1,4,2.5,Yes,NO,0.07
EMP-1253,Brooklyn Howard,45,12299,9,Research & Development,1,3,2,1,1.75,No,NO,0.17
EMP-1254,Isaiah Brooks,24,4067,2,Human Resources,1,1,2,4,2.0,Yes,YES,0.96
EMP-1255,Bella Webb,32,4169,5,Sales,3,3,4,3,3.25,Yes,YES,0.88
EMP-1256,Charles Snyder,47,15487,9,Research & Development,4,3,2,2,2.75,No,YES,0.06
EMP-1257,Claire Williams,30,7762,8,Sales,3,2,4,2,2.75,Yes,NO,0.83
EMP-1258,Josiah Martinez,40,15813,12,Engineering,2,4,3,5,3.5,Yes,NO,0.29
EMP-1259,Skylar Taylor,43,4873,6,Sales,3,2,1,2,2.0,Yes,YES,0.78
EMP-1260,Hudson White,29,7526,3,Marketing,4,4,4,4,4.0,No,NO,0.15
EMP-1261,Lucy Walker,36,6390,6,Research & Development,2,1,3,3,2.25,No,YES,0.25
EMP-1262,Christian Nguyen,20,6078,0,Research & Development,3,2,2,1,2.0,No,YES,0.65
EMP-1263,Paisley Hall,28,7519,2,Marketing,3,5,4,3,3.75,No,YES,0.47
EMP-1264,Hunter Phillips,34,4734,4,Sales,2,2,1,4,2.25,Yes,YES,0.71
EMP-1265,Everly Collins,26,7431,5,Sales,1,2,2,4,2.25,Yes,YES,0.81
EMP-1266,Connor Rogers,50,16236,23,Engineering,2,3,4,3,3.0,No,NO,0.09
EMP-1267,Anna Reed,24,3655,1,Research & Development,3,2,4,4,3.25,No,YES,0.83
EMP-1268,Eli Richardson,33,6599,4,Engineering,1,3,2,2,2.0,Yes,YES,0.65
EMP-1269,Caroline Mendoza,38,12168,10,Research & Development,2,1,1,5,2.25,No,NO,0.19
EMP-1270,Ezra Henry,49,9516,3,Research & Development,3,2,4,4,3.25,Yes,NO,0.25
EMP-1271,Nova Smith,24,3942,3,Research & Development,1,3,3,4,2.75,No,YES,0.52
EMP-1272,Aaron Davis,46,12655,7,Engineering,2,5,2,4,3.25,No,NO,0.04
EMP-1273,Genesis Anderson,37,9714,9,Research & Development,5,3,3,3,3.5,No,NO,0.20
EMP-1274,Landon Perez,28,3338,1,Engineering,1,2,5,4,3.0,No,YES,0.79
EMP-1275,Emilia Lewis,40,10016,11,Finance,4,3,1,3,2.75,No,NO,0.24
EMP-1276,Adrian Scott,38,15043,10,Sales,3,1,4,3,2.75,Yes,YES,0.59
EMP-1277,Kennedy Nelson,31,6479,6,Sales,4,2,3,3,3.0,Yes,YES,0.55
EMP-1278,Jonathan Roberts,37,4107,3,Sales,3,1,3,2,2.25,No,YES,0.62
EMP-1279,Samantha Cruz,33,8683,4,Research & Development,2,3,4,3,3.0,No,NO,0.21
EMP-1280,Nolan Murphy,37,7027,8,Sales,4,1,5,3,3.25,No,YES,0.24
EMP-1281,Maya Peterson,42,7729,6,Human Resources,3,3,2,2,2.5,No,YES,0.33
EMP-1282,Jeremiah Cox,50,10062,7,Finance,4,5,2,3,3.5,No,NO,0.06
EMP-1283,Willow James,26,8514,5,Marketing,3,4,5,4,4.0,No,NO,0.39
EMP-1284,Easton Freeman,55,7190,2,Marketing,5,1,4,3,3.25,No,NO,0.40
EMP-1285,Kinsley Jimenez,20,2319,1,Marketing,4,2,3,4,3.25,No,YES,0.86
EMP-1286,Elias Garcia,35,5556,3,Sales,5,2,3,2,3.0,Yes,NO,0.71
EMP-1287,Naomi Gonzalez,42,6877,11,Human Resources,3,4,4,3,3.5,No,NO,0.13
EMP-1288,Colton Martin,39,8231,9,Marketing,3,1,4,2,2.5,No,NO,0.30
EMP-1289,Aaliyah Clark,31,8204,2,Sales,4,4,5,2,3.75,No,NO,0.30
EMP-1290,Cameron King,35,9618,4,Finance,4,3,3,3,3.25,No,NO,0.13
EMP-1291,Elena Green,32,12925,7,Sales,5,3,2,3,3.25,No,YES,0.21
EMP-1292,Carson Mitchell,31,6006,4,Human Resources,3,4,3,2,3.0,Yes,NO,0.43
EMP-1293,Sarah Diaz,44,20184,22,Engineering,4,4,3,3,3.5,No,YES,0.04
EMP-1294,Robert Morris,40,6384,5,Finance,2,4,3,4,3.25,Yes,NO,0.38
EMP-1295,Ariana Morgan,31,6729,3,Research & Development,3,3,3,2,2.75,No,NO,0.13
EMP-1296,Angel Ramos,44,9050,4,Engineering,2,3,2,1,2.0,No,NO,0.38
EMP-1297,Allison Chavez,39,9350,5,Sales,2,3,3,4,3.0,Yes,YES,0.61
EMP-1298,Maverick Washington,43,8347,9,Research & Development,5,1,4,1,2.75,Yes,YES,0.65
EMP-1299,Gabriella Simpson,42,18289,20,Engineering,2,3,4,5,3.5,No,NO,0.05
EMP-1300,Nicholas Brown,29,3386,2,Sales,3,1,3,3,2.5,Yes,YES,0.95
EMP-1301,Alice Hernandez,32,4592,1,Human Resources,3,1,2,3,2.25,Yes,YES,0.85
EMP-1302,Dominic Moore,43,11860,7,Research & Development,2,3,3,3,2.75,No,NO,0.08
EMP-1303,Madelyn Harris,42,6328,8,Sales,3,4,4,3,3.5,No,NO,0.14
EMP-1304,Jaxson Young,36,6515,12,Human Resources,2,5,3,2,3.0,Yes,NO,0.64
EMP-1305,Cora Hill,37,6067,7,Sales,2,3,4,5,3.5,No,NO,0.26
EMP-1306,Greyson Rivera,47,10604,8,Research & Development,4,3,3,3,3.25,No,NO,0.10
EMP-1307,Ruby Evans,31,4242,3,Finance,5,1,2,2,2.5,No,YES,0.58
EMP-1308,Adam Reyes,41,15220,11,Sales,2,5,4,3,3.5,No,YES,0.15
EMP-1309,Eva Gutierrez,35,10176,6,Engineering,2,2,1,2,1.75,Yes,YES,0.85
EMP-1310,Ian Kelly,35,10000,8,Sales,3,4,3,1,2.75,Yes,YES,0.41
EMP-1311,Serenity Watson,46,5448,4,Sales,4,3,2,3,3.0,Yes,YES,0.71
EMP-1312,Austin Castillo,44,13463,8,Sales,2,2,1,4,2.25,No,NO,0.19
EMP-1313,Autumn Vasquez,43,14093,13,Sales,1,3,3,3,2.5,No,NO,0.13
EMP-1314,Santiago Johnson,48,6648,3,Sales,3,5,3,2,3.25,No,NO,0.27
EMP-1315,Adeline Rodriguez,37,4420,3,Sales,5,1,4,3,3.25,No,YES,0.28
EMP-1316,Jordan Thomas,42,9313,8,Sales,3,3,4,1,2.75,No,NO,0.31
EMP-1317,Hailey Thompson,34,9190,10,Research & Development,3,5,4,3,3.75,No,NO,0.18
EMP-1318,Cooper Robinson,39,11169,15,Sales,5,2,3,3,3.25,No,NO,0.14
EMP-1319,Gianna Torres,35,5736,3,Research & Development,4,3,3,4,3.5,Yes,YES,0.51
EMP-1320,Alexander Baker,37,12863,10,Research & Development,4,4,3,4,3.75,Yes,NO,0.26
EMP-1321,Sophia Gomez,42,6490,17,Marketing,3,4,3,4,3.5,No,NO,0.15
EMP-1322,Liam Edwards,30,8621,6,Human Resources,5,2,3,5,3.75,No,NO,0.22
EMP-1323,Olivia Cook,54,15223,14,Human Resources,4,2,5,5,4.0,No,NO,0.05
EMP-1324,Noah Bailey,28,6153,4,Sales,4,1,2,4,2.75,No,YES,0.53
EMP-1325,Emma Ward,26,4050,2,Marketing,4,4,5,5,4.5,No,YES,0.70
EMP-1326,Ethan Bennett,46,10701,7,Human Resources,4,4,1,4,3.25,No,NO,0.11
EMP-1327,Ava Burns,43,11329,8,Engineering,2,3,3,4,3.0,No,NO,0.27
EMP-1328,James Porter,42,8413,7,Sales,3,3,2,1,2.25,No,NO,0.46
EMP-1329,Isabella Miller,42,12560,7,Finance,4,1,3,1,2.25,No,YES,0.20
EMP-1330,Oliver Wilson,36,12805,3,Engineering,2,4,2,4,3.0,No,NO,0.07
EMP-1331,Mia Lee,29,6893,7,Engineering,3,4,4,3,3.5,No,NO,0.25
EMP-1332,Benjamin Ramirez,37,10218,7,Research & Development,2,5,4,4,3.75,No,NO,0.08
EMP-1333,Charlotte Wright,31,5188,4,Research & Development,4,4,3,3,3.5,No,NO,0.32
EMP-1334,Elijah Adams,45,9321,3,Research & Development,2,4,3,3,3.0,No,NO,0.13
EMP-1335,Amelia Carter,35,7762,8,Research & Development,4,4,5,4,4.25,No,NO,0.06
EMP-1336,Lucas Parker,29,8088,2,Engineering,2,3,4,5,3.5,Yes,YES,0.63
EMP-1337,Harper Morales,34,7043,4,Research & Development,2,3,3,2,2.5,No,NO,0.33
EMP-1338,Mason Cooper,40,8667,5,Research & Development,3,5,4,4,4.0,No,NO,0.12
EMP-1339,Evelyn Kim,32,12777,7,Research & Development,2,3,3,4,3.0,No,NO,0.18
EMP-1340,Logan Wood,30,5984,5,Research & Development,3,3,3,3,3.0,No,YES,0.16
EMP-1341,Abigail Tucker,39,8161,2,Research & Development,3,1,3,3,2.5,Yes,NO,0.70
EMP-1342,Daniel Crawford,39,11661,13,Engineering,1,1,3,1,1.5,Yes,YES,0.57
EMP-1343,Emily Jones,32,9827,6,Sales,4,3,1,1,2.25,Yes,NO,0.70
EMP-1344,Henry Lopez,32,11666,5,Research & Development,1,2,3,3,2.25,No,YES,0.16
EMP-1345,Elizabeth Jackson,38,6646,4,Sales,4,2,4,2,3.0,No,YES,0.24
EMP-1346,Jackson Sanchez,24,2808,3,Sales,3,3,5,2,3.25,No,NO,0.50
EMP-1347,Mila Allen,25,4163,2,Research & Development,3,2,5,4,3.5,No,YES,0.70
EMP-1348,Sebastian Flores,30,8845,3,Human Resources,2,4,3,3,3.0,Yes,YES,0.74
EMP-1349,Ella Campbell,35,5929,2,Engineering,4,2,3,3,3.0,Yes,YES,0.75
EMP-1350,Aiden Turner,39,16017,7,Engineering,4,2,2,2,2.5,Yes,YES,0.36
EMP-1351,Avery Stewart,49,16413,20,Engineering,4,2,4,4,3.5,Yes,NO,0.16
EMP-1352,Matthew Ortiz,44,8672,7,Research & Development,2,2,1,4,2.25,No,NO,0.26
EMP-1353,Sofia Howard,35,7351,2,Finance,4,3,2,3,3.0,No,YES,0.41
EMP-1354,Samuel Brooks,36,10273,5,Engineering,2,4,4,5,3.75,No,NO,0.10
EMP-1355,Camila Webb,28,5478,2,Marketing,1,4,3,4,3.0,No,NO,0.50
EMP-1356,David Snyder,36,9061,7,Research & Development,3,2,1,4,2.5,Yes,YES,0.65
EMP-1357,Aria Williams,34,7172,3,Marketing,2,2,4,4,3.0,Yes,NO,0.62
EMP-1358,Joseph Martinez,39,11652,5,Engineering,3,2,3,2,2.5,No,NO,0.38
EMP-1359,Scarlett Taylor,29,7213,1,Engineering,4,5,1,3,3.25,No,NO,0.27
EMP-1360,Carter White,41,9662,10,Research & Development,3,4,1,1,2.25,Yes,YES,0.65
EMP-1361,Victoria Walker,50,15457,7,Engineering,3,3,2,1,2.25,No,NO,0.14
EMP-1362,Owen Nguyen,36,5861,3,Finance,1,3,2,2,2.0,No,NO,0.16
EMP-1363,Madison Hall,40,9561,13,Human Resources,4,4,4,4,4.0,No,YES,0.10
EMP-1364,Wyatt Phillips,42,12243,15,Sales,3,4,3,2,3.0,No,NO,0.04
EMP-1365,Luna Collins,33,6436,7,Finance,3,3,4,5,3.75,No,NO,0.19
EMP-1366,John Rogers,38,7355,13,Sales,4,5,2,3,3.5,No,NO,0.09
EMP-1367,Grace Reed,37,13958,11,Sales,3,3,3,2,2.75,No,NO,0.17
EMP-1368,Jack Richardson,37,6642,6,Sales,3,3,4,3,3.25,No,NO,0.27
EMP-1369,Chloe Mendoza,30,4351,2,Marketing,3,4,3,2,3.0,No,YES,0.60
EMP-1370,Luke Henry,37,6792,5,Research & Development,3,3,3,5,3.5,No,YES,0.27
EMP-1371,Penelope Smith,41,7454,5,Sales,3,4,5,4,4.0,Yes,NO,0.41
EMP-1372,Jayden Davis,49,14352,15,Engineering,1,2,2,1,1.5,Yes,NO,0.31
EMP-1373,Layla Anderson,45,16177,8,Engineering,2,3,3,5,3.25,No,NO,0.07
EMP-1374,Dylan Perez,55,7564,3,Sales,2,2,4,4,3.0,No,YES,0.16
EMP-1375,Riley Lewis,30,7802,3,Marketing,3,3,1,2,2.25,No,YES,0.37
EMP-1376,Grayson Scott,44,11597,5,Finance,4,3,1,4,3.0,Yes,YES,0.54
EMP-1377,Zoey Nelson,38,8283,7,Research & Development,3,5,2,4,3.5,No,NO,0.15
EMP-1378,Levi Roberts,55,18710,21,Sales,2,3,3,2,2.5,No,YES,0.06
EMP-1379,Nora Cruz,30,5827,1,Research & Development,4,4,2,4,3.5,No,NO,0.26
EMP-1380,Isaac Murphy,29,9977,7,Research & Development,4,1,2,2,2.25,Yes,NO,0.46
EMP-1381,Lily Peterson,31,8461,5,Sales,4,4,3,3,3.5,No,NO,0.34
EMP-1382,Gabriel Cox,20,3234,1,Marketing,2,2,3,1,2.0,Yes,YES,0.96
EMP-1383,Eleanor James,32,5504,3,Engineering,4,3,2,5,3.5,No,YES,0.14
EMP-1384,Julian Freeman,30,7829,4,Research & Development,1,2,3,4,2.5,No,NO,0.11
EMP-1385,Hannah Jimenez,38,11229,12,Research & Development,2,3,3,2,2.5,No,NO,0.20
EMP-1386,Mateo Garcia,39,5714,13,Sales,1,3,5,3,3.0,No,NO,0.34
EMP-1387,Lillian Gonzalez,52,14458,13,Sales,4,3,4,2,3.25,No,NO,0.07
EMP-1388,Anthony Martin,45,8997,8,Research & Development,1,5,4,4,3.5,No,NO,0.21
EMP-1389,Addison Clark,32,5879,6,Marketing,3,4,3,1,2.75,No,YES,0.32
EMP-1390,Jaxon King,29,5404,4,Marketing,3,5,2,4,3.5,No,NO,0.08
EMP-1391,Aubrey Green,41,8914,16,Sales,3,3,3,5,3.5,No,NO,0.16
EMP-1392,Lincoln Mitchell,25,3786,1,Marketing,4,5,4,4,4.25,No,YES,0.66
EMP-1393,Ellie Diaz,52,9933,8,Sales,2,3,3,2,2.5,Yes,YES,0.70
EMP-1394,Joshua Morris,47,10128,9,Engineering,3,1,4,3,2.75,Yes,YES,0.46
EMP-1395,Stella Morgan,33,5587,2,Sales,4,3,5,3,3.75,Yes,YES,0.64
EMP-1396,Christopher Ramos,22,2630,1,Research & Development,1,1,1,3,1.5,Yes,YES,0.96
EMP-1397,Natalie Chavez,48,7270,3,Marketing,4,1,1,4,2.5,No,YES,0.22
EMP-1398,Andrew Washington,36,12484,13,Sales,3,1,2,3,2.25,Yes,YES,0.49
EMP-1399,Zoe Simpson,47,16041,13,Engineering,4,1,3,3,2.75,Yes,NO,0.18
EMP-1400,Theodore Brown,23,5192,2,Sales,4,4,2,4,3.5,No,NO,0.43
EMP-1401,Leah Hernandez,31,7032,1,Research & Development,3,3,4,2,3.0,No,NO,0.39
EMP-1402,Caleb Moore,37,10017,9,Research & Development,3,2,1,3,2.25,No,NO,0.21
EMP-1403,Hazel Harris,37,11653,8,Sales,1,4,3,4,3.0,No,NO,0.27
EMP-1404,Ryan Young,33,9189,7,Engineering,2,3,2,1,2.0,Yes,YES,0.66
EMP-1405,Violet Hill,42,8728,8,Research & Development,1,5,5,4,3.75,No,NO,0.13
EMP-1406,Asher Rivera,27,6164,4,Engineering,3,3,4,4,3.5,No,NO,0.16
EMP-1407,Aurora Evans,35,7950,3,Engineering,4,3,5,4,4.0,No,NO,0.13
EMP-1408,Nathan Reyes,38,14772,9,Engineering,2,2,5,1,2.5,Yes,NO,0.55
EMP-1409,Savannah Gutierrez,41,7006,3,Sales,3,2,3,2,2.5,No,NO,0.38
EMP-1410,Thomas Kelly,43,5547,3,Marketing,3,2,2,3,2.5,No,NO,0.28
EMP-1411,Audrey Watson,27,9551,6,Sales,3,3,2,2,2.5,No,NO,0.47
EMP-1412,Leo Castillo,23,2647,1,Sales,5,5,2,5,4.25,Yes,YES,0.91
EMP-1413,Brooklyn Vasquez,47,8068,5,Research & Development,2,1,4,4,2.75,No,YES,0.17
EMP-1414,Isaiah Johnson,39,15712,13,Research & Development,3,2,1,3,2.25,No,YES,0.16
EMP-1415,Bella Rodriguez,30,12787,7,Research & Development,3,2,1,5,2.75,No,NO,0.05
EMP-1416,Charles Thomas,50,10605,9,Human Resources,1,4,3,4,3.0,No,NO,0.19
EMP-1417,Claire Thompson,37,14738,16,Research & Development,3,3,3,3,3.0,No,NO,0.06
EMP-1418,Josiah Robinson,47,9827,7,Research & Development,4,3,4,3,3.5,No,NO,0.09
EMP-1419,Skylar Torres,37,14034,11,Engineering,1,2,3,2,2.0,No,NO,0.22
EMP-1420,Hudson Baker,54,16189,15,Research & Development,1,3,4,5,3.25,No,NO,0.03
EMP-1421,Lucy Gomez,51,10065,9,Research & Development,1,1,3,3,2.0,Yes,NO,0.41
EMP-1422,Christian Edwards,34,8601,8,Research & Development,4,3,2,4,3.25,No,NO,0.17
EMP-1423,Paisley Cook,45,7195,3,Engineering,4,1,4,3,3.0,No,NO,0.28
EMP-1424,Hunter Bailey,42,10950,9,Research & Development,3,3,5,4,3.75,Yes,YES,0.36
EMP-1425,Everly Ward,48,11163,9,Sales,3,3,1,1,2.0,No,NO,0.44
EMP-1426,Connor Bennett,28,9495,5,Sales,4,3,3,5,3.75,Yes,YES,0.64
EMP-1427,Anna Burns,42,10216,9,Engineering,4,3,3,5,3.75,No,NO,0.18
EMP-1428,Eli Porter,45,9634,12,Human Resources,4,3,2,3,3.0,No,YES,0.15
EMP-1429,Caroline Miller,22,6747,2,Engineering,4,1,4,4,3.25,Yes,YES,0.92
EMP-1430,Ezra Wilson,26,7981,2,Research & Development,3,3,2,4,3.0,No,YES,0.44
EMP-1431,Nova Lee,20,3625,0,Research & Development,3,3,4,5,3.75,Yes,YES,0.83
EMP-1432,Aaron Ramirez,34,10664,12,Research & Development,4,3,4,3,3.5,No,NO,0.13
EMP-1433,Genesis Wright,43,10278,10,Research & Development,5,4,3,3,3.75,No,NO,0.08
EMP-1434,Landon Adams,49,7820,10,Research & Development,1,4,2,4,2.75,No,NO,0.09
EMP-1435,Emilia Carter,37,8927,11,Research & Development,1,3,2,4,2.5,Yes,YES,0.57
EMP-1436,Adrian Parker,50,11739,10,Sales,4,1,1,3,2.25,Yes,NO,0.65
EMP-1437,Kennedy Morales,25,4860,5,Human Resources,2,3,2,4,2.75,No,NO,0.44
EMP-1438,Jonathan Cooper,22,4834,2,Sales,4,1,3,1,2.25,No,YES,0.73
EMP-1439,Samantha Kim,36,8297,5,Engineering,3,3,4,4,3.5,Yes,YES,0.46
EMP-1440,Nolan Wood,40,7576,6,Research & Development,1,2,3,2,2.0,Yes,YES,0.51
EMP-1441,Maya Tucker,36,11547,10,Research & Development,1,2,4,3,2.5,Yes,NO,0.51
EMP-1442,Jeremiah Crawford,20,6383,1,Sales,2,4,3,3,3.0,No,YES,0.64
EMP-1443,Willow Jones,36,9794,10,Research & Development,2,3,4,3,3.0,No,NO,0.15
EMP-1444,Easton Lopez,25,5119,2,Research & Development,2,2,5,3,3.0,Yes,YES,0.81
EMP-1445,Kinsley Jackson,42,12314,9,Sales,4,1,2,3,2.5,No,NO,0.20
EMP-1446,Elias Sanchez,40,7961,7,Finance,5,2,4,3,3.5,Yes,YES,0.37
EMP-1447,Naomi Allen,29,9759,4,Engineering,3,5,3,2,3.25,No,NO,0.21
EMP-1448,Colton Flores,32,4331,3,Research & Development,3,3,4,4,3.5,No,NO,0.35
EMP-1449,Aaliyah Campbell,27,7156,6,Engineering,3,5,3,3,3.5,No,NO,0.33
EMP-1450,Cameron Turner,36,10141,9,Engineering,3,2,3,3,2.75,No,NO,0.45
EMP-1451,Elena Stewart,45,10888,13,Human Resources,3,3,2,4,3.0,No,NO,0.23
EMP-1452,Carson Ortiz,28,4932,6,Engineering,1,4,1,5,2.75,No,NO,0.23
EMP-1453,Sarah Howard,41,9159,2,Sales,1,3,3,4,2.75,No,NO,0.41
EMP-1454,Robert Brooks,32,9425,7,Research & Development,1,1,5,1,2.0,No,NO,0.27
EMP-1455,Ariana Webb,30,10566,8,Sales,1,2,4,4,2.75,Yes,NO,0.60
EMP-1456,Angel Snyder,36,9539,3,Sales,3,2,3,5,3.25,Yes,YES,0.65
EMP-1457,Allison Williams,28,5636,6,Sales,2,4,4,3,3.25,No,NO,0.44
EMP-1458,Maverick Martinez,32,4159,7,Sales,4,3,4,5,4.0,Yes,YES,0.68
EMP-1459,Gabriella Taylor,26,7134,3,Finance,5,4,2,3,3.5,No,NO,0.30
EMP-1460,Nicholas White,53,11151,13,Marketing,5,3,1,3,3.0,No,NO,0.21
EMP-1461,Alice Walker,37,4751,4,Marketing,5,2,2,3,3.0,Yes,YES,0.42
EMP-1462,Dominic Nguyen,31,6597,1,Engineering,2,3,4,4,3.25,No,YES,0.22
EMP-1463,Madelyn Hall,38,21097,12,Finance,3,4,4,2,3.25,No,NO,0.11
EMP-1464,Jaxson Phillips,36,6793,3,Research & Development,2,5,2,2,2.75,No,YES,0.28
EMP-1465,Cora Collins,35,9335,4,Research & Development,4,1,2,1,2.0,No,NO,0.35
EMP-1466,Greyson Rogers,42,11845,20,Sales,4,3,4,3,3.5,No,NO,0.15
EMP-1467,Ruby Reed,43,8617,11,Engineering,4,2,5,3,3.5,No,NO,0.17
EMP-1468,Adam Richardson,32,9157,6,Sales,3,1,4,3,2.75,Yes,NO,0.73
EMP-1469,Eva Mendoza,32,8654,4,Engineering,4,3,3,3,3.25,No,YES,0.21
EMP-1470,Ian Henry,34,9192,10,Research & Development,1,2,2,5,2.5,Yes,NO,0.70
EMP-1471,Serenity Smith,20,4932,0,Research & Development,1,1,3,3,2.0,Yes,YES,0.84
EMP-1472,Austin Davis,24,3723,3,Engineering,4,4,2,3,3.25,No,YES,0.54
EMP-1473,Autumn Anderson,48,6730,4,Research & Development,3,4,4,2,3.25,Yes,NO,0.42
EMP-1474,Santiago Perez,50,16180,25,Sales,5,4,3,3,3.75,Yes,NO,0.16
EMP-1475,Adeline Lewis,34,8026,7,Research & Development,1,2,4,1,2.0,Yes,YES,0.71
EMP-1476,Jordan Scott,41,11810,4,Research & Development,3,2,3,3,2.75,Yes,YES,0.60
EMP-1477,Hailey Nelson,39,10984,8,Engineering,3,3,4,4,3.5,Yes,NO,0.42
EMP-1478,Cooper Roberts,62,18650,24,Sales,4,2,3,2,2.75,Yes,YES,0.18
EMP-1479,Gianna Cruz,46,7276,8,Sales,4,3,3,3,3.25,No,NO,0.14
EMP-1480,Alexander Murphy,35,10336,5,Research & Development,5,4,3,1,3.25,No,NO,0.10
EMP-1481,Sophia Peterson,28,6077,6,Engineering,2,1,1,4,2.0,Yes,YES,0.64
EMP-1482,Liam Cox,23,3099,2,Sales,5,5,5,4,4.75,No,YES,0.70
EMP-1483,Olivia James,38,8802,13,Human Resources,2,3,3,1,2.25,Yes,YES,0.37
EMP-1484,Noah Freeman,30,8137,5,Engineering,1,3,3,3,2.5,Yes,YES,0.80
EMP-1485,Emma Jimenez,24,4447,3,Research & Development,3,4,4,5,4.0,Yes,YES,0.65
EMP-1486,Ethan Garcia,31,8751,8,Marketing,4,3,4,3,3.5,No,NO,0.20
EMP-1487,Ava Gonzalez,27,5316,6,Human Resources,3,4,3,3,3.25,No,NO,0.21
EMP-1488,James Martin,51,12595,6,Sales,4,3,5,3,3.75,No,NO,0.08
EMP-1489,Isabella Clark,44,15631,14,Research & Development,4,4,1,3,3.0,No,NO,0.05
EMP-1490,Oliver King,36,18195,13,Finance,2,2,2,5,2.75,No,NO,0.06
EMP-1491,Mia Green,49,16093,18,Engineering,5,2,3,5,3.75,No,NO,0.02
EMP-1492,Benjamin Mitchell,37,11985,8,Research & Development,1,3,3,4,2.75,No,NO,0.25
EMP-1493,Charlotte Diaz,29,5171,7,Research & Development,4,2,3,3,3.0,No,NO,0.13
EMP-1494,Elijah Morris,49,24500,25,Engineering,3,2,3,3,2.75,Yes,NO,0.19
EMP-1495,Amelia Morgan,41,16342,12,Engineering,3,3,3,3,3.0,No,NO,0.14
EMP-1496,Lucas Ramos,28,6976,5,Engineering,3,4,4,5,4.0,No,NO,0.33
EMP-1497,Harper Chavez,35,8069,8,Sales,2,2,3,4,2.75,Yes,YES,0.75
EMP-1498,Mason Washington,29,5088,1,Engineering,2,2,5,3,3.0,Yes,YES,0.74
EMP-1499,Evelyn Simpson,25,7900,3,Sales,2,2,4,1,2.25,No,YES,0.55
EMP-1500,Logan Brown,44,10768,4,Research & Development,2,3,2,3,2.5,No,NO,0.26
EMP-1501,Abigail Hernandez,53,12333,19,Human Resources,1,3,2,5,2.75,Yes,NO,0.28
EMP-1502,Daniel Moore,25,3107,1,Finance,3,4,3,3,3.25,No,NO,0.56
EMP-1503,Emily Harris,41,11041,4,Research & Development,4,2,4,2,3.0,No,YES,0.25
EMP-1504,Henry Young,31,7665,4,Sales,3,2,1,1,1.75,No,YES,0.39
EMP-1505,Elizabeth Hill,32,6485,4,Human Resources,4,3,2,3,3.0,No,NO,0.30
EMP-1506,Jackson Rivera,31,7938,8,Sales,3,3,5,5,4.0,No,NO,0.22
EMP-1507,Mila Evans,29,6587,4,Engineering,4,3,3,5,3.75,Yes,NO,0.36
EMP-1508,Sebastian Reyes,37,12648,4,Engineering,4,3,2,5,3.5,Yes,NO,0.17
EMP-1509,Ella Gutierrez,29,9381,3,Research & Development,3,2,2,4,2.75,No,YES,0.19
EMP-1510,Aiden Kelly,39,11785,9,Finance,4,3,4,3,3.5,No,NO,0.04
EMP-1511,Avery Watson,36,12536,7,Engineering,1,3,4,3,2.75,Yes,NO,0.37
EMP-1512,Matthew Castillo,34,7689,7,Marketing,4,2,2,3,2.75,No,NO,0.21
EMP-1513,Sofia Vasquez,29,4204,6,Human Resources,4,4,3,4,3.75,No,YES,0.70
EMP-1514,Samuel Johnson,32,8111,9,Engineering,1,3,4,3,2.75,Yes,YES,0.70
EMP-1515,Camila Rodriguez,43,16786,12,Research & Development,4,3,4,4,3.75,No,NO,0.06
EMP-1516,David Thomas,41,14104,8,Research & Development,1,3,4,2,2.5,Yes,NO,0.52
EMP-1517,Aria Thompson,28,6318,3,Marketing,2,2,3,3,2.5,No,YES,0.56
EMP-1518,Joseph Robinson,37,13968,14,Research & Development,1,4,5,4,3.5,No,NO,0.02
EMP-1519,Scarlett Torres,43,15197,10,Research & Development,4,3,3,5,3.75,No,NO,0.04
EMP-1520,Carter Baker,22,4299,1,Engineering,4,3,2,3,3.0,No,YES,0.83
EMP-1521,Victoria Gomez,41,12366,7,Engineering,4,4,4,1,3.25,No,NO,0.07
EMP-1522,Owen Edwards,31,6468,4,Research & Development,1,4,3,5,3.25,No,NO,0.18
EMP-1523,Madison Cook,41,7265,5,Engineering,3,3,4,4,3.5,No,NO,0.22
EMP-1524,Wyatt Bailey,30,8999,4,Engineering,4,4,1,3,3.0,No,NO,0.20
EMP-1525,Luna Ward,21,4867,1,Sales,2,3,4,3,3.0,No,NO,0.64
EMP-1526,John Bennett,23,8375,1,Engineering,3,2,2,3,2.5,Yes,YES,0.90
EMP-1527,Grace Burns,37,10980,11,Sales,1,1,3,3,2.0,No,NO,0.54
EMP-1528,Jack Porter,39,5690,3,Research & Development,2,1,1,4,2.0,Yes,YES,0.69
EMP-1529,Chloe Miller,29,5063,2,Research & Development,3,4,3,2,3.0,No,NO,0.33
EMP-1530,Luke Wilson,42,10545,11,Sales,4,1,4,2,2.75,No,NO,0.40
EMP-1531,Penelope Lee,22,4293,2,Sales,2,1,3,1,1.75,Yes,YES,0.95
EMP-1532,Jayden Ramirez,36,14230,12,Engineering,1,4,2,3,2.5,Yes,YES,0.60
EMP-1533,Layla Wright,26,5433,1,Engineering,2,1,3,2,2.0,No,NO,0.67
EMP-1534,Dylan Adams,31,9844,8,Sales,2,2,4,2,2.5,No,NO,0.30
EMP-1535,Riley Carter,37,8128,3,Engineering,2,2,3,1,2.0,Yes,YES,0.75
EMP-1536,Grayson Parker,29,3448,3,Research & Development,3,3,2,2,2.5,No,YES,0.52
EMP-1537,Zoey Morales,33,6402,2,Research & Development,4,4,2,3,3.25,No,NO,0.21
EMP-1538,Levi Cooper,45,6067,1,Marketing,2,3,5,1,2.75,Yes,YES,0.82
EMP-1539,Nora Kim,32,10939,9,Research & Development,4,3,3,3,3.25,Yes,YES,0.45
EMP-1540,Isaac Wood,44,8331,5,Research & Development,4,4,1,3,3.0,Yes,YES,0.48
EMP-1541,Lily Tucker,27,7190,4,Engineering,2,3,4,2,2.75,No,YES,0.55
EMP-1542,Gabriel Crawford,41,9677,6,Sales,1,3,4,3,2.75,No,NO,0.33
EMP-1543,Eleanor Jones,49,14357,21,Marketing,4,4,2,5,3.75,No,NO,0.03
EMP-1544,Julian Lopez,20,3812,0,Research & Development,1,3,5,5,3.5,No,NO,0.55
EMP-1545,Hannah Jackson,30,6787,4,Research & Development,2,2,3,1,2.0,Yes,NO,0.56
EMP-1546,Mateo Sanchez,41,9053,5,Research & Development,1,1,3,4,2.25,No,NO,0.30
EMP-1547,Lillian Allen,35,3008,3,Sales,2,3,3,3,2.75,Yes,YES,0.83
EMP-1548,Anthony Flores,40,8716,13,Sales,3,1,4,1,2.25,No,NO,0.27
EMP-1549,Addison Campbell,31,5028,5,Sales,5,3,2,3,3.25,No,NO,0.28
EMP-1550,Jaxon Turner,37,5304,1,Marketing,4,3,2,3,3.0,Yes,YES,0.79
EMP-1551,Aubrey Stewart,35,13055,12,Marketing,3,3,2,3,2.75,No,NO,0.18
EMP-1552,Lincoln Ortiz,46,12638,12,Research & Development,3,1,4,4,3.0,Yes,NO,0.22
EMP-1553,Ellie Howard,39,8930,4,Sales,2,3,3,4,3.0,Yes,YES,0.71
EMP-1554,Joshua Brooks,39,7383,2,Sales,2,1,3,2,2.0,Yes,YES,0.96
EMP-1555,Stella Webb,33,6504,3,Finance,2,4,2,3,2.75,No,NO,0.29
EMP-1556,Christopher Snyder,32,8811,6,Finance,2,3,3,3,2.75,Yes,NO,0.46
EMP-1557,Natalie Williams,33,10284,9,Research & Development,2,2,4,3,2.75,No,NO,0.31
EMP-1558,Andrew Martinez,40,10072,7,Engineering,2,5,3,5,3.75,No,NO,0.10
EMP-1559,Zoe Taylor,33,11821,13,Sales,2,2,4,4,3.0,Yes,NO,0.45
EMP-1560,Theodore White,39,12845,6,Research & Development,5,5,3,5,4.5,No,NO,0.05
EMP-1561,Leah Walker,54,16476,13,Research & Development,3,1,4,4,3.0,No,NO,0.05
EMP-1562,Caleb Nguyen,44,8293,4,Sales,5,2,1,3,2.75,No,YES,0.40
EMP-1563,Hazel Hall,34,5674,5,Sales,2,1,3,3,2.25,Yes,YES,0.69
EMP-1564,Ryan Phillips,47,22429,17,Research & Development,3,1,5,3,3.0,No,NO,0.03
EMP-1565,Violet Collins,33,8186,11,Engineering,3,4,5,3,3.75,No,YES,0.16
EMP-1566,Asher Rogers,20,2439,1,Research & Development,2,3,2,4,2.75,No,YES,0.71
EMP-1567,Aurora Reed,28,4850,1,Sales,2,4,3,3,3.0,No,NO,0.71
EMP-1568,Nathan Richardson,21,2694,0,Research & Development,5,1,1,3,2.5,Yes,YES,0.92
EMP-1569,Savannah Mendoza,34,7443,1,Research & Development,5,3,4,4,4.0,No,NO,0.18
EMP-1570,Thomas Henry,37,4576,4,Sales,1,2,3,4,2.5,Yes,YES,0.55
EMP-1571,Audrey Smith,51,14143,7,Research & Development,2,3,3,3,2.75,No,NO,0.10
EMP-1572,Leo Davis,39,8869,4,Sales,3,3,2,4,3.0,No,YES,0.33
EMP-1573,Brooklyn Anderson,35,9712,8,Research & Development,2,2,5,1,2.5,Yes,NO,0.32
EMP-1574,Isaiah Perez,44,4646,4,Sales,3,1,3,3,2.5,No,YES,0.42
EMP-1575,Bella Lewis,20,2429,1,Research & Development,2,3,2,1,2.0,Yes,YES,0.94
EMP-1576,Charles Scott,39,9585,11,Human Resources,3,4,3,1,2.75,No,YES,0.37
EMP-1577,Claire Nelson,43,10802,8,Engineering,2,3,2,3,2.5,No,NO,0.27
EMP-1578,Josiah Roberts,24,6386,3,Research & Development,3,2,3,3,2.75,No,NO,0.24
EMP-1579,Skylar Cruz,46,13078,15,Sales,1,2,5,4,3.0,Yes,YES,0.38
EMP-1580,Hudson Murphy,39,8108,5,Research & Development,3,2,4,4,3.25,Yes,YES,0.62
EMP-1581,Lucy Peterson,33,4041,6,Sales,5,2,3,2,3.0,No,YES,0.52
EMP-1582,Christian Cox,42,12133,7,Research & Development,3,2,4,4,3.25,No,NO,0.09
EMP-1583,Paisley James,56,14792,21,Sales,4,4,3,3,3.5,No,NO,0.04
EMP-1584,Hunter Freeman,38,8991,10,Sales,4,3,2,2,2.75,Yes,YES,0.50
EMP-1585,Everly Jimenez,39,6965,10,Marketing,5,3,5,4,4.25,No,NO,0.24
EMP-1586,Connor Garcia,33,3757,2,Sales,4,2,3,3,3.0,No,NO,0.64
EMP-1587,Anna Gonzalez,29,7934,3,Sales,4,5,3,3,3.75,No,NO,0.32
EMP-1588,Eli Martin,44,10735,6,Sales,4,2,5,5,4.0,No,NO,0.23
EMP-1589,Caroline Clark,29,5835,1,Finance,1,4,2,3,2.5,No,NO,0.41
EMP-1590,Ezra King,37,7329,3,Engineering,3,5,4,5,4.25,No,NO,0.11
EMP-1591,Nova Green,32,3827,2,Research & Development,5,4,5,3,4.25,No,YES,0.45
EMP-1592,Aaron Mitchell,41,17906,7,Engineering,3,4,3,2,3.0,Yes,NO,0.27
EMP-1593,Genesis Diaz,39,11704,11,Sales,5,3,1,3,3.0,No,NO,0.44
EMP-1594,Landon Morris,45,11576,7,Engineering,4,2,3,2,2.75,No,NO,0.26
EMP-1595,Emilia Morgan,32,6901,4,Engineering,4,2,2,3,2.75,No,NO,0.40
EMP-1596,Adrian Ramos,34,4331,4,Research & Development,4,2,3,4,3.25,No,NO,0.33
EMP-1597,Kennedy Chavez,28,8497,3,Engineering,4,1,4,3,3.0,Yes,NO,0.69
EMP-1598,Jonathan Washington,33,5835,5,Research & Development,3,3,3,2,2.75,Yes,YES,0.56
EMP-1599,Samantha Simpson,40,15161,14,Research & Development,5,2,3,3,3.25,No,NO,0.06
EMP-1600,Nolan Brown,43,12145,7,Research & Development,4,4,3,2,3.25,No,NO,0.16
EMP-1601,Maya Hernandez,29,8941,6,Engineering,4,3,3,4,3.5,No,YES,0.15
EMP-1602,Jeremiah Moore,44,12584,9,Research & Development,4,3,4,4,3.75,No,NO,0.05
EMP-1603,Willow Harris,48,17163,10,Research & Development,3,5,3,5,4.0,No,NO,0.03
EMP-1604,Easton Young,40,13175,17,Engineering,1,2,4,2,2.25,Yes,NO,0.15
EMP-1605,Kinsley Hill,52,19819,22,Research & Development,5,4,3,3,3.75,No,NO,0.02
EMP-1606,Elias Rivera,30,4837,1,Research & Development,3,4,3,3,3.25,No,NO,0.25
EMP-1607,Naomi Evans,26,3535,3,Research & Development,2,2,2,5,2.75,No,YES,0.80
EMP-1608,Colton Reyes,21,3293,0,Sales,2,3,3,3,2.75,No,YES,0.86
EMP-1609,Aaliyah Gutierrez,49,17414,13,Sales,3,2,3,2,2.5,Yes,NO,0.33
EMP-1610,Cameron Kelly,42,12475,5,Research & Development,4,3,2,3,3.0,Yes,NO,0.18
EMP-1611,Elena Watson,36,13773,7,Finance,4,3,5,4,4.0,No,NO,0.04
EMP-1612,Carson Castillo,39,9852,16,Engineering,3,2,3,4,3.0,Yes,YES,0.52
EMP-1613,Sarah Vasquez,27,9399,4,Research & Development,3,4,5,4,4.0,No,YES,0.39
EMP-1614,Robert Johnson,57,14681,11,Research & Development,3,2,1,2,2.0,No,NO,0.08
EMP-1615,Ariana Rodriguez,38,11295,5,Sales,1,4,3,5,3.25,No,NO,0.14
EMP-1616,Angel Thomas,37,8349,12,Human Resources,4,4,1,1,2.5,No,NO,0.25
EMP-1617,Allison Thompson,43,11037,12,Research & Development,1,4,2,5,3.0,Yes,YES,0.40
EMP-1618,Maverick Robinson,41,10243,15,Research & Development,3,4,4,4,3.75,No,NO,0.05
EMP-1619,Gabriella Torres,38,14356,10,Engineering,3,3,1,4,2.75,Yes,NO,0.49
EMP-1620,Nicholas Baker,30,7585,4,Research & Development,3,4,3,4,3.5,Yes,NO,0.45
EMP-1621,Alice Gomez,41,8513,12,Sales,5,3,2,1,2.75,No,NO,0.23
EMP-1622,Dominic Edwards,52,10391,27,Marketing,1,3,3,1,2.0,No,NO,0.33
EMP-1623,Madelyn Cook,48,11092,11,Human Resources,4,2,4,2,3.0,No,YES,0.33
EMP-1624,Jaxson Bailey,50,13126,8,Research & Development,1,5,3,2,2.75,Yes,NO,0.12
EMP-1625,Cora Ward,32,5459,3,Engineering,1,4,4,3,3.0,No,NO,0.33
EMP-1626,Greyson Bennett,28,5135,5,Research & Development,3,4,3,2,3.0,No,NO,0.26
EMP-1627,Ruby Burns,35,10088,5,Engineering,1,1,5,4,2.75,Yes,YES,0.48
EMP-1628,Adam Porter,37,12592,6,Sales,4,4,4,3,3.75,No,NO,0.06
EMP-1629,Eva Miller,46,15485,18,Engineering,3,4,3,4,3.5,No,NO,0.03
EMP-1630,Ian Wilson,22,3081,1,Finance,1,3,3,4,2.75,No,YES,0.66
EMP-1631,Serenity Lee,50,12079,12,Marketing,1,2,5,3,2.75,No,NO,0.12
EMP-1632,Austin Ramirez,35,10634,11,Marketing,3,3,3,2,2.75,No,NO,0.54
EMP-1633,Autumn Wright,33,6767,6,Sales,4,1,4,3,3.0,No,NO,0.25
EMP-1634,Santiago Adams,28,9685,4,Sales,3,3,3,4,3.25,No,YES,0.25
EMP-1635,Adeline Carter,22,5183,2,Sales,3,2,2,3,2.5,No,YES,0.66
EMP-1636,Jordan Parker,43,11431,10,Engineering,4,2,4,2,3.0,No,YES,0.31
EMP-1637,Hailey Morales,37,4810,6,Marketing,3,2,3,4,3.0,No,YES,0.26
EMP-1638,Cooper Cooper,26,6349,1,Research & Development,2,1,3,1,1.75,Yes,YES,0.92
EMP-1639,Gianna Kim,25,6078,3,Marketing,3,1,3,4,2.75,No,YES,0.46
EMP-1640,Alexander Wood,34,6234,2,Engineering,3,5,2,3,3.25,No,NO,0.36
EMP-1641,Sophia Tucker,51,17555,18,Finance,4,3,4,4,3.75,No,NO,0.04
EMP-1642,Liam Crawford,34,4510,1,Marketing,3,3,5,5,4.0,No,NO,0.23
EMP-1643,Olivia Jones,24,4885,1,Research & Development,4,3,4,4,3.75,Yes,YES,0.59
EMP-1644,Noah Lopez,34,6791,7,Research & Development,2,3,3,3,2.75,No,NO,0.15
EMP-1645,Emma Jackson,34,5780,5,Research & Development,5,5,3,2,3.75,No,NO,0.14
EMP-1646,Ethan Sanchez,20,3943,0,Research & Development,2,2,4,4,3.0,Yes,YES,0.91
EMP-1647,Ava Allen,36,12537,14,Human Resources,4,2,3,3,3.0,No,NO,0.11
EMP-1648,James Flores,35,10061,10,Engineering,1,5,3,1,2.5,No,NO,0.28
EMP-1649,Isabella Campbell,42,4994,2,Marketing,3,3,5,4,3.75,No,NO,0.33
EMP-1650,Oliver Turner,52,20371,23,Human Resources,4,1,3,3,2.75,No,NO,0.07
EMP-1651,Mia Stewart,46,11319,13,Research & Development,4,2,3,1,2.5,No,NO,0.19
EMP-1652,Benjamin Ortiz,34,7322,4,Research & Development,1,1,1,5,2.0,No,NO,0.20
EMP-1653,Charlotte Howard,27,6145,4,Research & Development,3,5,1,3,3.0,No,YES,0.20
EMP-1654,Elijah Brooks,58,9939,14,Sales,1,2,1,3,1.75,No,YES,0.26
EMP-1655,Amelia Webb,37,10785,11,Sales,5,5,5,4,4.75,No,NO,0.25
EMP-1656,Lucas Snyder,37,7288,3,Research & Development,4,5,3,4,4.0,No,NO,0.07
EMP-1657,Harper Williams,36,8204,4,Research & Development,1,3,3,1,2.0,No,YES,0.30
EMP-1658,Mason Martinez,38,7549,3,Research & Development,4,1,4,4,3.25,No,NO,0.11
EMP-1659,Evelyn Taylor,35,9824,4,Human Resources,5,1,3,4,3.25,No,YES,0.26
EMP-1660,Logan White,32,7847,3,Sales,3,3,3,2,2.75,No,NO,0.17
EMP-1661,Abigail Walker,32,7358,6,Sales,4,3,2,3,3.0,No,NO,0.21
EMP-1662,Daniel Nguyen,36,7072,4,Sales,3,2,4,2,2.75,Yes,YES,0.79
EMP-1663,Emily Hall,32,11094,5,Finance,4,3,2,4,3.25,Yes,YES,0.42
EMP-1664,Henry Phillips,30,10202,7,Research & Development,3,5,1,4,3.25,No,NO,0.12
EMP-1665,Elizabeth Collins,37,6865,9,Sales,3,2,2,2,2.25,Yes,NO,0.74
EMP-1666,Jackson Rogers,34,10664,5,Engineering,3,3,2,4,3.0,No,YES,0.22
EMP-1667,Mila Reed,49,9641,1,Sales,2,4,2,4,3.0,Yes,YES,0.76
EMP-1668,Sebastian Richardson,20,3985,0,Marketing,4,2,4,3,3.25,No,NO,0.58
EMP-1669,Ella Mendoza,46,9041,8,Sales,3,2,2,4,2.75,Yes,NO,0.45
EMP-1670,Aiden Henry,47,7730,5,Sales,3,1,4,1,2.25,Yes,YES,0.54
EMP-1671,Avery Smith,20,2544,0,Research & Development,4,2,1,5,3.0,No,NO,0.76
EMP-1672,Matthew Davis,34,8291,9,Human Resources,3,2,2,3,2.5,Yes,YES,0.67
EMP-1673,Sofia Anderson,33,7886,3,Research & Development,3,2,3,3,2.75,No,NO,0.33
EMP-1674,Samuel Perez,25,4804,3,Research & Development,4,3,5,4,4.0,Yes,YES,0.56
EMP-1675,Camila Lewis,30,5877,4,Sales,4,5,4,3,4.0,No,NO,0.16
EMP-1676,David Scott,27,3135,3,Sales,2,2,5,4,3.25,No,NO,0.63
EMP-1677,Aria Nelson,51,24500,19,Research & Development,3,3,3,3,3.0,No,NO,0.06
EMP-1678,Joseph Roberts,44,5181,1,Engineering,5,1,4,5,3.75,Yes,YES,0.76
EMP-1679,Scarlett Cruz,47,8193,5,Human Resources,3,2,3,3,2.75,No,NO,0.19
EMP-1680,Carter Murphy,43,7335,1,Research & Development,3,3,3,2,2.75,No,YES,0.27
EMP-1681,Victoria Peterson,27,4343,1,Sales,2,5,2,5,3.5,No,NO,0.56
EMP-1682,Owen Cox,32,8825,6,Engineering,2,3,3,4,3.0,No,NO,0.10
EMP-1683,Madison James,41,11675,20,Sales,4,1,3,4,3.0,Yes,NO,0.57
EMP-1684,Wyatt Freeman,26,4275,2,Sales,4,3,3,5,3.75,No,YES,0.77
EMP-1685,Luna Jimenez,43,18696,16,Research & Development,5,1,3,1,2.5,Yes,YES,0.20
EMP-1686,John Garcia,34,8866,6,Human Resources,3,2,2,3,2.5,Yes,YES,0.79
EMP-1687,Grace Gonzalez,33,5652,5,Marketing,2,3,3,2,2.5,No,YES,0.33
EMP-1688,Jack Martin,43,8048,17,Human Resources,1,1,1,3,1.5,Yes,YES,0.64
EMP-1689,Chloe Clark,40,10885,14,Research & Development,5,3,5,4,4.25,Yes,YES,0.29
EMP-1690,Luke King,33,9527,3,Sales,3,3,2,5,3.25,Yes,YES,0.71
EMP-1691,Penelope Green,46,11484,19,Marketing,3,3,2,3,2.75,No,NO,0.13
EMP-1692,Jayden Mitchell,27,4085,0,Research & Development,5,1,4,4,3.5,No,YES,0.68
EMP-1693,Layla Diaz,42,13462,7,Finance,3,5,3,5,4.0,No,NO,0.06
EMP-1694,Dylan Morris,42,9150,9,Finance,1,3,2,4,2.5,Yes,YES,0.76
EMP-1695,Riley Morgan,34,7425,5,Research & Development,4,4,3,2,3.25,No,YES,0.15
EMP-1696,Grayson Ramos,39,10057,8,Marketing,5,2,2,3,3.0,No,YES,0.19
EMP-1697,Zoey Chavez,26,7119,2,Sales,1,3,2,5,2.75,No,YES,0.72
EMP-1698,Levi Washington,44,10349,9,Engineering,4,2,1,5,3.0,Yes,YES,0.56
EMP-1699,Nora Simpson,35,13532,10,Sales,3,2,3,4,3.0,No,YES,0.17
EMP-1700,Isaac Brown,32,6791,6,Sales,3,1,4,4,3.0,No,NO,0.30
EMP-1701,Lily Hernandez,45,10998,21,Human Resources,5,2,3,2,3.0,Yes,YES,0.30
EMP-1702,Gabriel Moore,31,8475,5,Engineering,4,3,3,2,3.0,Yes,NO,0.58
EMP-1703,Eleanor Harris,25,3702,2,Research & Development,2,3,2,5,3.0,Yes,YES,0.89
EMP-1704,Julian Young,23,5860,4,Sales,2,2,3,2,2.25,No,YES,0.51
EMP-1705,Hannah Hill,42,24500,15,Research & Development,1,2,4,2,2.25,Yes,NO,0.25
EMP-1706,Mateo Rivera,26,8065,4,Research & Development,3,4,1,3,2.75,No,NO,0.31
EMP-1707,Lillian Evans,51,8816,3,Research & Development,1,4,4,3,3.0,Yes,NO,0.39
EMP-1708,Anthony Reyes,20,4439,1,Sales,3,2,3,3,2.75,No,NO,0.84
EMP-1709,Addison Gutierrez,51,13730,19,Research & Development,1,4,4,3,3.0,No,NO,0.06
EMP-1710,Jaxon Kelly,38,6422,4,Research & Development,3,2,3,5,3.25,No,NO,0.21
EMP-1711,Aubrey Watson,36,9385,8,Research & Development,1,3,3,5,3.0,No,NO,0.18
EMP-1712,Lincoln Castillo,32,6042,2,Research & Development,4,3,4,3,3.5,Yes,NO,0.49
EMP-1713,Ellie Vasquez,40,9081,15,Sales,2,4,4,3,3.25,No,NO,0.21
EMP-1714,Joshua Johnson,36,10310,12,Finance,3,5,2,4,3.5,Yes,YES,0.35
EMP-1715,Stella Rodriguez,46,16049,19,Research & Development,4,5,5,4,4.5,No,NO,0.01
EMP-1716,Christopher Thomas,37,11467,5,Finance,4,1,1,3,2.25,No,NO,0.15
EMP-1717,Natalie Thompson,38,9372,12,Engineering,1,4,1,3,2.25,Yes,YES,0.71
EMP-1718,Andrew Robinson,33,3347,2,Human Resources,1,1,3,3,2.0,Yes,YES,0.98
EMP-1719,Zoe Torres,36,7401,7,Human Resources,4,2,4,2,3.0,No,NO,0.22
EMP-1720,Theodore Baker,39,13717,7,Engineering,3,3,5,3,3.5,No,NO,0.11
EMP-1721,Leah Gomez,22,4606,1,Research & Development,4,3,3,4,3.5,No,NO,0.52
EMP-1722,Caleb Edwards,25,4360,1,Sales,3,3,1,4,2.75,No,NO,0.81
EMP-1723,Hazel Cook,43,11699,10,Engineering,2,3,3,4,3.0,Yes,NO,0.29
EMP-1724,Ryan Bailey,38,8405,4,Sales,2,4,2,3,2.75,Yes,YES,0.75
EMP-1725,Violet Ward,35,10528,5,Engineering,4,2,3,4,3.25,No,YES,0.20
EMP-1726,Asher Bennett,37,10071,10,Research & Development,5,2,3,1,2.75,Yes,YES,0.56
EMP-1727,Aurora Burns,39,8559,8,Engineering,1,5,1,3,2.5,No,NO,0.29
EMP-1728,Nathan Porter,32,5011,4,Sales,3,1,3,4,2.75,Yes,YES,0.78
EMP-1729,Savannah Miller,30,6409,2,Sales,1,2,3,3,2.25,Yes,YES,0.86
EMP-1730,Thomas Wilson,38,7042,9,Research & Development,3,3,4,3,3.25,No,NO,0.34
EMP-1731,Audrey Lee,28,8226,5,Human Resources,4,3,3,4,3.5,No,NO,0.38
EMP-1732,Leo Ramirez,40,6314,5,Marketing,3,3,2,5,3.25,No,NO,0.34
EMP-1733,Brooklyn Wright,22,3959,1,Sales,5,2,2,3,3.0,Yes,YES,0.95
EMP-1734,Isaiah Adams,45,16014,11,Engineering,3,4,2,4,3.25,Yes,NO,0.35
EMP-1735,Bella Carter,41,6301,4,Sales,5,2,2,5,3.5,No,NO,0.13
EMP-1736,Charles Parker,39,9359,9,Research & Development,4,3,3,4,3.5,No,NO,0.11
EMP-1737,Claire Morales,45,9568,5,Research & Development,2,1,5,3,2.75,No,NO,0.30
EMP-1738,Josiah Cooper,51,8983,7,Research & Development,1,3,3,1,2.0,Yes,NO,0.52
EMP-1739,Skylar Kim,45,4663,0,Sales,3,3,3,3,3.0,No,NO,0.36
EMP-1740,Hudson Wood,21,2629,0,Research & Development,2,5,3,3,3.25,No,NO,0.59
EMP-1741,Lucy Tucker,26,6714,1,Engineering,3,4,3,4,3.5,No,NO,0.37
EMP-1742,Christian Crawford,31,7552,3,Engineering,3,3,5,3,3.5,No,NO,0.17
EMP-1743,Paisley Jones,37,6686,5,Research & Development,5,5,5,5,5.0,No,NO,0.04
EMP-1744,Hunter Lopez,41,8897,2,Research & Development,3,3,3,3,3.0,No,NO,0.49
EMP-1745,Everly Jackson,30,5546,4,Research & Development,4,3,2,4,3.25,No,NO,0.17
EMP-1746,Connor Sanchez,38,7260,14,Sales,5,3,4,3,3.75,No,NO,0.07
EMP-1747,Anna Allen,30,11019,9,Research & Development,4,3,2,3,3.0,No,NO,0.31
EMP-1748,Eli Flores,31,7931,1,Research & Development,2,4,4,4,3.5,No,YES,0.26
EMP-1749,Caroline Campbell,25,6007,3,Finance,3,2,4,3,3.0,No,YES,0.31
EMP-1750,Ezra Turner,29,4780,5,Engineering,3,2,2,2,2.25,Yes,NO,0.70
EMP-1751,Nova Stewart,25,5430,3,Research & Development,2,4,5,3,3.5,Yes,YES,0.59
EMP-1752,Aaron Ortiz,28,5009,3,Sales,2,4,5,3,3.5,Yes,YES,0.66
EMP-1753,Genesis Howard,45,13445,13,Sales,4,4,5,4,4.25,Yes,NO,0.20
EMP-1754,Landon Brooks,28,6078,5,Engineering,2,3,3,5,3.25,Yes,YES,0.63
EMP-1755,Emilia Webb,59,21136,32,Sales,3,2,2,1,2.0,Yes,NO,0.39
EMP-1756,Adrian Snyder,41,7918,10,Research & Development,5,3,3,3,3.5,No,NO,0.13
EMP-1757,Kennedy Williams,38,7148,1,Engineering,1,3,3,4,2.75,No,NO,0.40
EMP-1758,Jonathan Martinez,29,3886,3,Sales,3,5,2,5,3.75,Yes,NO,0.61
EMP-1759,Samantha Taylor,42,12751,10,Research & Development,3,5,3,5,4.0,Yes,NO,0.18
EMP-1760,Nolan White,32,5256,4,Sales,2,4,4,4,3.5,No,NO,0.25
EMP-1761,Maya Walker,38,4529,10,Sales,3,2,1,3,2.25,No,YES,0.62
EMP-1762,Jeremiah Nguyen,58,14108,6,Research & Development,2,4,3,2,2.75,No,NO,0.08
EMP-1763,Willow Hall,36,14339,14,Research & Development,4,5,1,3,3.25,No,NO,0.03
EMP-1764,Easton Phillips,46,14019,8,Sales,3,3,4,3,3.25,No,NO,0.06
EMP-1765,Kinsley Collins,31,3423,2,Research & Development,3,3,3,4,3.25,No,NO,0.56
EMP-1766,Elias Rogers,36,6442,3,Engineering,3,4,1,3,2.75,No,NO,0.19
EMP-1767,Naomi Reed,52,20191,23,Research & Development,2,3,5,4,3.5,No,NO,0.02
EMP-1768,Colton Richardson,31,6659,2,Research & Development,2,5,1,3,2.75,No,NO,0.29
EMP-1769,Aaliyah Mendoza,52,8359,15,Human Resources,3,3,3,4,3.25,No,NO,0.08
EMP-1770,Cameron Henry,43,19019,18,Engineering,3,4,4,2,3.25,No,NO,0.08
EMP-1771,Elena Smith,32,5569,2,Engineering,2,4,4,2,3.0,Yes,YES,0.53
EMP-1772,Carson Davis,42,8346,16,Sales,3,3,1,2,2.25,No,NO,0.42
EMP-1773,Sarah Anderson,45,11962,15,Research & Development,3,4,5,4,4.0,No,NO,0.06
EMP-1774,Robert Perez,42,9012,2,Engineering,4,3,5,1,3.25,No,NO,0.29
EMP-1775,Ariana Lewis,23,3225,2,Engineering,3,3,3,4,3.25,No,YES,0.79
EMP-1776,Angel Scott,30,9642,7,Research & Development,2,1,3,2,2.0,No,NO,0.28
EMP-1777,Allison Nelson,34,5027,1,Marketing,4,3,1,3,2.75,No,NO,0.39
EMP-1778,Maverick Roberts,36,8008,6,Research & Development,4,4,3,5,4.0,No,NO,0.06
EMP-1779,Gabriella Cruz,42,6936,9,Finance,1,5,3,3,3.0,Yes,YES,0.54
EMP-1780,Nicholas Murphy,38,4643,5,Marketing,3,2,4,2,2.75,No,NO,0.39
EMP-1781,Alice Peterson,25,4865,2,Engineering,3,2,3,3,2.75,Yes,YES,0.82
EMP-1782,Dominic Cox,40,4697,3,Marketing,2,2,4,5,3.25,Yes,YES,0.72
EMP-1783,Madelyn James,42,11947,11,Engineering,4,3,2,3,3.0,No,NO,0.23
EMP-1784,Jaxson Freeman,41,7673,0,Research & Development,1,5,2,3,2.75,No,YES,0.52
EMP-1785,Cora Jimenez,46,10219,10,Sales,4,3,2,3,3.0,No,NO,0.14
EMP-1786,Greyson Garcia,44,9899,8,Research & Development,1,3,1,3,2.0,No,NO,0.21
EMP-1787,Ruby Gonzalez,40,8134,7,Sales,3,2,3,2,2.5,Yes,YES,0.67
EMP-1788,Adam Martin,36,14123,9,Engineering,4,1,4,4,3.25,No,NO,0.08
EMP-1789,Eva Clark,22,5063,1,Sales,3,4,3,4,3.5,Yes,NO,0.90
EMP-1790,Ian King,40,11820,9,Research & Development,2,3,3,3,2.75,No,NO,0.23
EMP-1791,Serenity Green,38,8322,6,Sales,5,3,4,4,4.0,No,NO,0.14
EMP-1792,Austin Mitchell,39,7374,5,Marketing,4,4,3,4,3.75,No,YES,0.19
EMP-1793,Autumn Diaz,26,8003,3,Research & Development,4,4,3,5,4.0,No,NO,0.14
EMP-1794,Santiago Morris,27,6966,5,Sales,3,4,3,2,3.0,No,YES,0.34
EMP-1795,Adeline Morgan,45,19602,13,Research & Development,2,5,4,3,3.5,No,NO,0.04
EMP-1796,Jordan Ramos,36,5313,0,Engineering,5,5,2,4,4.0,No,YES,0.23
EMP-1797,Hailey Chavez,42,8556,11,Research & Development,2,3,1,2,2.0,Yes,YES,0.56
EMP-1798,Cooper Washington,37,7111,10,Human Resources,4,1,3,1,2.25,No,NO,0.29
EMP-1799,Gianna Simpson,37,5285,1,Research & Development,3,3,5,4,3.75,No,NO,0.31
EMP-1800,Alexander Brown,44,20576,14,Research & Development,3,4,3,3,3.25,No,YES,0.06
EMP-1801,Sophia Hernandez,32,7411,5,Marketing,5,1,4,3,3.25,No,NO,0.33
EMP-1802,Liam Moore,37,11365,15,Research & Development,3,1,4,3,2.75,No,NO,0.12
EMP-1803,Olivia Harris,33,7338,3,Sales,2,1,3,4,2.5,No,NO,0.27
EMP-1804,Noah Young,33,8361,7,Research & Development,2,4,4,3,3.25,No,NO,0.13
EMP-1805,Emma Hill,34,9922,4,Sales,3,3,4,4,3.5,Yes,YES,0.68
EMP-1806,Ethan Rivera,38,10442,13,Sales,1,2,2,3,2.0,Yes,YES,0.49
EMP-1807,Ava Evans,32,4727,4,Research & Development,3,1,3,3,2.5,No,YES,0.37
EMP-1808,James Reyes,47,17000,21,Research & Development,3,4,2,3,3.0,No,NO,0.02
EMP-1809,Isabella Gutierrez,29,4183,1,Sales,3,1,3,2,2.25,Yes,YES,0.96
EMP-1810,Oliver Kelly,35,4985,7,Human Resources,2,1,4,3,2.5,Yes,YES,0.57
EMP-1811,Mia Watson,33,10868,7,Engineering,5,3,3,3,3.5,Yes,YES,0.40
EMP-1812,Benjamin Castillo,49,20209,16,Sales,2,3,3,5,3.25,No,NO,0.02
EMP-1813,Charlotte Vasquez,38,8930,14,Sales,3,3,4,3,3.25,No,NO,0.33
EMP-1814,Elijah Johnson,45,15765,11,Research & Development,1,3,3,3,2.5,No,NO,0.15
EMP-1815,Amelia Rodriguez,24,3241,0,Research & Development,4,2,3,3,3.0,Yes,YES,0.93
EMP-1816,Lucas Thomas,39,8377,5,Research & Development,5,4,4,4,4.25,No,NO,0.07
EMP-1817,Harper Thompson,44,8327,4,Research & Development,4,2,3,3,3.0,Yes,YES,0.38
EMP-1818,Mason Robinson,37,13246,15,Research & Development,3,2,4,3,3.0,Yes,NO,0.26
EMP-1819,Evelyn Torres,46,12846,11,Sales,3,4,1,4,3.0,No,NO,0.06
EMP-1820,Logan Baker,32,4909,4,Sales,4,4,2,3,3.25,No,NO,0.25
EMP-1821,Abigail Gomez,48,18937,14,Finance,5,1,3,3,3.0,Yes,NO,0.07
EMP-1822,Daniel Edwards,56,20437,19,Research & Development,5,1,3,3,3.0,Yes,NO,0.14
EMP-1823,Emily Cook,33,7830,6,Human Resources,3,4,5,4,4.0,No,NO,0.07
EMP-1824,Henry Bailey,33,7724,7,Engineering,5,4,5,3,4.25,No,YES,0.06
EMP-1825,Elizabeth Ward,49,11426,18,Sales,2,1,4,1,2.0,Yes,NO,0.45
EMP-1826,Jackson Bennett,50,14065,6,Research & Development,2,3,3,4,3.0,No,NO,0.07
EMP-1827,Mila Burns,32,5975,6,Research & Development,1,1,5,2,2.25,Yes,YES,0.55
EMP-1828,Sebastian Porter,33,8427,6,Research & Development,2,3,4,4,3.25,No,NO,0.23
EMP-1829,Ella Miller,34,12655,9,Research & Development,4,1,3,2,2.5,No,NO,0.21
EMP-1830,Aiden Wilson,25,6297,4,Engineering,4,3,4,3,3.5,No,YES,0.24
EMP-1831,Avery Lee,29,8058,3,Research & Development,4,1,1,1,1.75,No,NO,0.21
EMP-1832,Matthew Ramirez,28,4523,1,Research & Development,3,3,2,3,2.75,No,YES,0.61
EMP-1833,Sofia Wright,30,5267,4,Engineering,3,3,4,4,3.5,No,NO,0.09
EMP-1834,Samuel Adams,36,11419,8,Engineering,4,2,3,2,2.75,Yes,NO,0.49
EMP-1835,Camila Carter,38,11927,13,Sales,3,1,3,3,2.5,Yes,YES,0.40
EMP-1836,David Parker,50,21172,5,Engineering,4,3,3,5,3.75,No,NO,0.07
EMP-1837,Aria Morales,28,3490,1,Sales,4,4,5,3,4.0,Yes,YES,0.93
EMP-1838,Joseph Cooper,45,8692,5,Research & Development,4,3,3,4,3.5,No,NO,0.25
EMP-1839,Scarlett Kim,35,4417,1,Sales,3,4,3,5,3.75,No,YES,0.57
EMP-1840,Carter Wood,36,8430,8,Sales,4,3,2,5,3.5,No,NO,0.18
EMP-1841,Victoria Tucker,42,10445,10,Finance,2,3,2,4,2.75,No,NO,0.16
EMP-1842,Owen Crawford,27,5030,4,Research & Development,3,3,5,3,3.5,No,NO,0.13
EMP-1843,Madison Jones,40,8262,4,Sales,4,5,3,5,4.25,No,NO,0.27
EMP-1844,Wyatt Lopez,38,10802,11,Research & Development,3,1,3,4,2.75,Yes,YES,0.84
EMP-1845,Luna Jackson,41,11126,5,Sales,4,1,3,4,3.0,No,YES,0.24
EMP-1846,John Sanchez,39,8927,9,Research & Development,3,3,4,1,2.75,Yes,NO,0.59
EMP-1847,Grace Allen,57,24500,32,Research & Development,3,5,3,5,4.0,Yes,NO,0.07
EMP-1848,Jack Flores,31,6723,2,Engineering,4,5,4,4,4.25,No,YES,0.26
EMP-1849,Chloe Campbell,32,8065,3,Sales,3,2,3,4,3.0,Yes,YES,0.75
EMP-1850,Luke Turner,31,5911,3,Sales,3,2,1,2,2.0,Yes,YES,0.68
EMP-1851,Penelope Stewart,32,5288,3,Research & Development,2,2,5,2,2.75,Yes,YES,0.47
EMP-1852,Jayden Ortiz,31,5889,3,Research & Development,2,3,5,5,3.75,No,NO,0.19
EMP-1853,Layla Howard,47,7156,8,Sales,4,3,5,3,3.75,No,NO,0.17
EMP-1854,Dylan Brooks,49,13104,10,Engineering,2,4,5,3,3.5,Yes,NO,0.22
EMP-1855,Riley Webb,32,8486,7,Finance,4,4,4,4,4.0,No,NO,0.12
EMP-1856,Grayson Snyder,29,6988,6,Sales,3,2,4,2,2.75,Yes,YES,0.74
EMP-1857,Zoey Williams,41,15037,11,Sales,2,3,4,3,3.0,No,NO,0.24
EMP-1858,Levi Martinez,32,7815,5,Engineering,4,3,3,3,3.25,No,NO,0.25
EMP-1859,Nora Taylor,42,4146,2,Sales,3,3,2,3,2.75,No,YES,0.75
EMP-1860,Isaac White,38,24500,15,Sales,2,3,3,3,2.75,No,YES,0.13
EMP-1861,Lily Walker,24,4044,2,Research & Development,2,1,5,2,2.5,No,NO,0.76
EMP-1862,Gabriel Nguyen,50,18791,12,Engineering,3,2,3,2,2.5,Yes,NO,0.25
EMP-1863,Eleanor Hall,52,11923,22,Sales,4,3,4,4,3.75,No,YES,0.08
EMP-1864,Julian Phillips,31,7867,4,Engineering,3,3,1,5,3.0,Yes,YES,0.54
EMP-1865,Hannah Collins,33,6773,5,Engineering,3,2,3,3,2.75,No,NO,0.14
EMP-1866,Mateo Rogers,39,5695,11,Research & Development,4,3,3,3,3.25,No,NO,0.21
EMP-1867,Lillian Reed,39,12729,13,Engineering,4,2,1,2,2.25,No,NO,0.16
EMP-1868,Anthony Richardson,42,11159,8,Engineering,2,1,2,4,2.25,Yes,YES,0.72
EMP-1869,Addison Mendoza,54,14839,15,Research & Development,4,5,2,5,4.0,Yes,NO,0.10
EMP-1870,Jaxon Henry,35,12220,12,Research & Development,3,4,4,3,3.5,No,NO,0.06
EMP-1871,Aubrey Smith,30,6235,4,Research & Development,4,1,1,3,2.25,No,NO,0.22
EMP-1872,Lincoln Davis,25,4593,2,Sales,3,4,2,3,3.0,No,YES,0.72
EMP-1873,Ellie Anderson,30,6847,5,Sales,4,2,1,4,2.75,No,NO,0.24
EMP-1874,Joshua Perez,36,7254,5,Sales,3,5,4,3,3.75,No,NO,0.14
EMP-1875,Stella Lewis,52,14259,14,Research & Development,2,2,3,3,2.5,No,NO,0.06
EMP-1876,Christopher Scott,32,7388,7,Engineering,3,1,3,4,2.75,Yes,YES,0.63
EMP-1877,Natalie Nelson,38,13222,11,Research & Development,3,3,3,5,3.5,Yes,YES,0.32
EMP-1878,Andrew Roberts,36,6985,4,Research & Development,4,4,2,2,3.0,No,NO,0.09
EMP-1879,Zoe Cruz,47,10536,11,Sales,3,1,4,5,3.25,Yes,YES,0.47
EMP-1880,Theodore Murphy,58,21136,23,Sales,4,4,4,3,3.75,Yes,NO,0.10
EMP-1881,Leah Peterson,32,8415,6,Research & Development,4,1,2,4,2.75,Yes,YES,0.62
EMP-1882,Caleb Cox,32,6702,6,Research & Development,4,5,3,3,3.75,Yes,NO,0.52
EMP-1883,Hazel James,45,18315,13,Research & Development,2,1,2,3,2.0,No,NO,0.12
EMP-1884,Ryan Freeman,42,6722,4,Engineering,5,5,2,4,4.0,Yes,YES,0.33
EMP-1885,Violet Jimenez,52,10759,10,Engineering,4,3,4,3,3.5,No,NO,0.08
EMP-1886,Asher Garcia,41,9394,5,Sales,4,3,3,2,3.0,No,NO,0.26
EMP-1887,Aurora Gonzalez,33,13672,6,Engineering,3,5,2,3,3.25,No,NO,0.07
EMP-1888,Nathan Martin,42,13676,16,Engineering,3,5,3,3,3.5,Yes,NO,0.18
EMP-1889,Savannah Clark,46,10990,6,Research & Development,2,3,5,2,3.0,No,NO,0.09
EMP-1890,Thomas King,43,8213,10,Finance,2,1,4,5,3.0,Yes,YES,0.32
EMP-1891,Audrey Green,41,7947,6,Engineering,2,3,4,2,2.75,No,YES,0.29
EMP-1892,Leo Mitchell,46,12469,5,Research & Development,2,3,3,3,2.75,Yes,NO,0.27
EMP-1893,Brooklyn Diaz,46,14264,12,Research & Development,3,3,3,2,2.75,No,NO,0.13
EMP-1894,Isaiah Morris,48,12935,5,Research & Development,3,3,3,3,3.0,No,NO,0.05
EMP-1895,Bella Morgan,42,14997,10,Research & Development,3,1,1,3,2.0,No,NO,0.08
EMP-1896,Charles Ramos,35,6079,8,Engineering,4,4,3,3,3.5,No,NO,0.23
EMP-1897,Claire Chavez,38,5614,5,Sales,2,4,3,2,2.75,No,YES,0.43
EMP-1898,Josiah Washington,47,14713,11,Engineering,4,1,2,1,2.0,No,NO,0.20
EMP-1899,Skylar Simpson,30,6583,9,Engineering,1,3,4,4,3.0,Yes,YES,0.70
EMP-1900,Hudson Brown,40,3906,1,Human Resources,1,3,2,4,2.5,No,YES,0.85
EMP-1901,Lucy Hernandez,33,11804,5,Engineering,2,3,3,3,2.75,No,NO,0.18
EMP-1902,Christian Moore,37,11188,14,Research & Development,4,1,2,1,2.0,No,YES,0.33
EMP-1903,Paisley Harris,47,16948,14,Research & Development,3,3,3,4,3.25,No,NO,0.03
EMP-1904,Hunter Young,38,9258,12,Human Resources,4,2,1,2,2.25,No,NO,0.45
EMP-1905,Everly Hill,37,9935,12,Research & Development,2,2,2,5,2.75,Yes,NO,0.56
EMP-1906,Connor Rivera,25,3944,4,Research & Development,1,4,3,3,2.75,Yes,YES,0.77
EMP-1907,Anna Evans,43,13926,11,Engineering,4,3,3,3,3.25,Yes,NO,0.44
EMP-1908,Eli Reyes,42,19492,12,Engineering,2,1,3,4,2.5,Yes,NO,0.38
EMP-1909,Caroline Gutierrez,55,10357,8,Research & Development,4,3,2,4,3.25,No,NO,0.21
EMP-1910,Ezra Kelly,34,8558,5,Engineering,2,5,3,3,3.25,No,NO,0.15
EMP-1911,Nova Watson,38,9241,13,Engineering,3,1,3,3,2.5,Yes,NO,0.38
EMP-1912,Aaron Castillo,39,11062,14,Research & Development,4,4,3,3,3.5,No,NO,0.06
EMP-1913,Genesis Vasquez,50,14777,12,Research & Development,5,4,4,5,4.5,No,NO,0.04
EMP-1914,Landon Johnson,36,9004,7,Marketing,3,4,3,4,3.5,No,NO,0.12
EMP-1915,Emilia Rodriguez,39,9686,5,Research & Development,4,2,3,2,2.75,No,YES,0.28
EMP-1916,Adrian Thomas,42,7501,12,Research & Development,2,2,5,2,2.75,No,NO,0.37
EMP-1917,Kennedy Thompson,38,5067,1,Sales,3,5,4,2,3.5,Yes,NO,0.73
EMP-1918,Jonathan Robinson,33,5604,3,Engineering,4,3,5,3,3.75,No,NO,0.13
EMP-1919,Samantha Torres,38,9591,9,Research & Development,2,1,4,2,2.25,No,YES,0.27
EMP-1920,Nolan Baker,46,12157,11,Research & Development,3,3,3,4,3.25,No,NO,0.03
EMP-1921,Maya Gomez,28,8347,4,Research & Development,2,2,2,2,2.0,No,NO,0.71
EMP-1922,Jeremiah Edwards,38,9604,7,Finance,3,4,4,3,3.5,No,NO,0.16
EMP-1923,Willow Cook,31,7491,1,Research & Development,2,3,5,3,3.25,No,YES,0.20
EMP-1924,Easton Bailey,47,13258,20,Sales,2,4,3,3,3.0,Yes,NO,0.17
EMP-1925,Kinsley Ward,24,2486,1,Marketing,4,4,4,1,3.25,Yes,YES,0.94
EMP-1926,Elias Bennett,32,10738,5,Research & Development,1,1,3,2,1.75,No,NO,0.22
EMP-1927,Naomi Burns,40,14649,15,Finance,3,3,3,2,2.75,No,NO,0.03
EMP-1928,Colton Porter,50,13245,18,Finance,3,4,5,4,4.0,No,NO,0.02
EMP-1929,Aaliyah Miller,36,11203,13,Marketing,5,3,4,4,4.0,No,NO,0.15
EMP-1930,Cameron Wilson,32,8558,4,Research & Development,3,5,5,1,3.5,No,YES,0.20
EMP-1931,Elena Lee,52,10329,10,Human Resources,3,4,4,3,3.5,No,NO,0.13
EMP-1932,Carson Ramirez,24,4823,3,Engineering,3,1,3,3,2.5,No,YES,0.38
EMP-1933,Sarah Wright,20,2758,0,Finance,2,4,3,3,3.0,Yes,YES,0.90
EMP-1934,Robert Adams,40,9213,5,Research & Development,1,1,5,3,2.5,No,NO,0.33
EMP-1935,Ariana Carter,32,11481,10,Engineering,3,2,3,3,2.75,No,NO,0.16
EMP-1936,Angel Parker,28,7256,2,Research & Development,1,3,2,3,2.25,Yes,YES,0.81
EMP-1937,Allison Morales,43,10314,9,Research & Development,3,3,3,2,2.75,Yes,YES,0.49
EMP-1938,Maverick Cooper,39,7162,8,Sales,3,3,3,4,3.25,No,NO,0.25
EMP-1939,Gabriella Kim,32,17593,7,Engineering,3,2,1,4,2.5,Yes,NO,0.43
EMP-1940,Nicholas Wood,26,4847,2,Sales,2,3,4,5,3.5,No,NO,0.54
EMP-1941,Alice Tucker,44,8511,2,Sales,5,1,2,1,2.25,Yes,YES,0.90
EMP-1942,Dominic Crawford,42,13021,11,Finance,4,2,3,4,3.25,No,NO,0.03
EMP-1943,Madelyn Jones,36,9153,8,Sales,2,2,4,4,3.0,No,YES,0.17
EMP-1944,Jaxson Lopez,52,7175,4,Human Resources,3,3,3,5,3.5,No,NO,0.10
EMP-1945,Cora Jackson,27,2599,3,Sales,3,5,4,2,3.5,No,YES,0.68
EMP-1946,Greyson Sanchez,24,3002,1,Sales,1,2,3,4,2.5,No,YES,0.82
EMP-1947,Ruby Allen,31,9866,7,Engineering,3,2,5,1,2.75,No,NO,0.25
EMP-1948,Adam Flores,36,2705,2,Marketing,2,4,2,3,2.75,No,NO,0.74
EMP-1949,Eva Campbell,39,10240,10,Sales,5,4,1,3,3.25,No,YES,0.30
EMP-1950,Ian Turner,34,11915,8,Engineering,3,5,4,4,4.0,Yes,NO,0.56
EMP-1951,Serenity Stewart,39,12293,8,Research & Development,3,2,4,4,3.25,No,NO,0.10
EMP-1952,Austin Ortiz,26,7705,5,Research & Development,3,2,2,3,2.5,No,NO,0.46
EMP-1953,Autumn Howard,49,8979,1,Sales,5,3,5,3,4.0,Yes,NO,0.55
EMP-1954,Santiago Brooks,36,15840,10,Research & Development,5,3,3,2,3.25,No,NO,0.14
EMP-1955,Adeline Webb,46,17121,12,Research & Development,5,3,5,3,4.0,Yes,YES,0.12
EMP-1956,Jordan Snyder,39,11559,12,Sales,2,3,3,3,2.75,No,NO,0.17
EMP-1957,Hailey Williams,40,13788,16,Research & Development,2,2,3,2,2.25,No,YES,0.22
EMP-1958,Cooper Martinez,41,10556,8,Research & Development,4,2,3,4,3.25,Yes,YES,0.45
EMP-1959,Gianna Taylor,40,8625,8,Sales,3,3,3,2,2.75,No,NO,0.39
EMP-1960,Alexander White,42,18174,17,Sales,1,3,3,3,2.5,No,NO,0.09
EMP-1961,Sophia Walker,48,10697,8,Marketing,1,3,3,4,2.75,Yes,YES,0.76
EMP-1962,Liam Nguyen,38,7740,10,Human Resources,4,3,1,5,3.25,No,NO,0.17
EMP-1963,Olivia Hall,43,16023,12,Sales,4,2,2,4,3.0,No,NO,0.14
EMP-1964,Noah Phillips,36,8937,12,Marketing,3,2,2,2,2.25,No,NO,0.24
EMP-1965,Emma Collins,49,7529,3,Engineering,4,2,4,4,3.5,Yes,YES,0.39
EMP-1966,Ethan Rogers,31,5241,1,Research & Development,3,1,3,3,2.5,Yes,NO,0.72
EMP-1967,Ava Reed,52,10425,10,Research & Development,4,3,4,5,4.0,Yes,NO,0.13
EMP-1968,James Richardson,36,8439,6,Human Resources,3,4,5,4,4.0,No,YES,0.15
EMP-1969,Isabella Mendoza,24,3552,2,Sales,2,3,3,4,3.0,No,YES,0.82
EMP-1970,Oliver Henry,38,8209,4,Engineering,3,1,5,2,2.75,No,NO,0.23
EMP-1971,Mia Smith,31,7225,1,Engineering,3,4,3,3,3.25,Yes,NO,0.50
EMP-1972,Benjamin Davis,44,11735,22,Human Resources,3,2,2,4,2.75,Yes,YES,0.54
EMP-1973,Charlotte Anderson,31,6668,3,Finance,2,2,3,4,2.75,No,NO,0.12
EMP-1974,Elijah Perez,33,6923,9,Sales,5,3,3,1,3.0,No,NO,0.39
EMP-1975,Amelia Lewis,20,3422,0,Research & Development,2,4,4,5,3.75,No,NO,0.53
EMP-1976,Lucas Scott,33,9521,5,Engineering,2,2,3,1,2.0,No,NO,0.45
EMP-1977,Harper Nelson,20,3186,0,Research & Development,3,3,2,3,2.75,No,NO,0.73
EMP-1978,Mason Roberts,23,5684,3,Engineering,3,3,4,4,3.5,Yes,NO,0.61
EMP-1979,Evelyn Cruz,43,10152,6,Finance,3,1,3,2,2.25,Yes,YES,0.71
EMP-1980,Logan Murphy,43,8052,3,Engineering,3,2,2,1,2.0,Yes,YES,0.62
EMP-1981,Abigail Peterson,40,15672,15,Sales,2,3,3,4,3.0,Yes,NO,0.22
EMP-1982,Daniel Cox,28,7559,3,Sales,3,3,5,3,3.5,Yes,YES,0.75
EMP-1983,Emily James,36,8430,12,Sales,4,1,4,2,2.75,Yes,YES,0.54
EMP-1984,Henry Freeman,36,15058,10,Sales,1,2,3,4,2.5,Yes,NO,0.44
EMP-1985,Elizabeth Jimenez,27,4538,4,Human Resources,3,3,3,4,3.25,No,YES,0.20
EMP-1986,Jackson Garcia,49,24500,16,Engineering,3,3,1,3,2.5,Yes,YES,0.31
EMP-1987,Mila Gonzalez,44,7391,7,Human Resources,1,2,3,2,2.0,No,NO,0.30
EMP-1988,Sebastian Martin,35,8783,4,Research & Development,3,3,4,1,2.75,No,NO,0.16
EMP-1989,Ella Clark,37,9998,7,Sales,5,2,3,4,3.5,No,NO,0.15
EMP-1990,Aiden King,38,11244,11,Engineering,3,2,2,3,2.5,No,NO,0.25
EMP-1991,Avery Green,20,2993,0,Sales,2,1,5,4,3.0,Yes,YES,0.95
EMP-1992,Matthew Mitchell,34,7419,1,Sales,5,4,4,4,4.25,No,NO,0.38
EMP-1993,Sofia Diaz,31,7865,6,Engineering,2,3,3,3,2.75,No,NO,0.16
EMP-1994,Samuel Morris,28,4143,3,Human Resources,1,4,2,2,2.25,No,YES,0.67
EMP-1995,Camila Morgan,34,5650,6,Sales,4,4,2,5,3.75,Yes,NO,0.68
EMP-1996,David Ramos,52,16925,12,Marketing,4,4,2,3,3.25,No,NO,0.13
EMP-1997,Aria Chavez,42,9218,8,Research & Development,2,2,3,3,2.5,Yes,NO,0.49
EMP-1998,Joseph Washington,32,9636,5,Finance,3,2,2,5,3.0,No,NO,0.16
EMP-1999,Scarlett Simpson,41,11497,14,Research & Development,4,5,4,5,4.5,No,NO,0.11
EMP-2000,Carter Brown,48,12953,5,Research & Development,4,4,5,3,4.0,No,NO,0.02
EMP-2001,Victoria Hernandez,44,10785,8,Marketing,2,4,3,3,3.0,No,NO,0.14
EMP-2002,Owen Moore,37,6723,3,Research & Development,1,1,3,5,2.5,No,NO,0.20
EMP-2003,Madison Harris,31,6158,4,Engineering,3,3,4,4,3.5,No,NO,0.17
EMP-2004,Wyatt Young,42,10075,9,Engineering,4,4,5,3,4.0,No,NO,0.09
EMP-2005,Luna Hill,40,7408,4,Engineering,4,1,4,3,3.0,No,NO,0.31
EMP-2006,John Rivera,44,15906,12,Finance,4,2,1,3,2.5,Yes,NO,0.37
EMP-2007,Grace Evans,42,12436,11,Research & Development,4,3,2,4,3.25,No,YES,0.06
EMP-2008,Jack Reyes,45,8040,6,Engineering,3,1,4,3,2.75,Yes,YES,0.53
EMP-2009,Chloe Gutierrez,32,7007,5,Research & Development,3,2,4,4,3.25,No,YES,0.12
EMP-2010,Luke Kelly,48,7174,2,Sales,4,2,2,4,3.0,No,YES,0.46
EMP-2011,Penelope Watson,38,4950,4,Engineering,4,1,3,4,3.0,No,NO,0.19
EMP-2012,Jayden Castillo,54,11376,10,Sales,3,3,4,4,3.5,No,NO,0.10
EMP-2013,Layla Vasquez,31,6881,3,Sales,1,1,2,4,2.0,Yes,YES,0.84
EMP-2014,Dylan Johnson,51,7984,3,Sales,5,1,4,3,3.25,Yes,NO,0.45
EMP-2015,Riley Rodriguez,38,6051,3,Human Resources,3,4,1,2,2.5,No,NO,0.21
EMP-2016,Grayson Thomas,31,7350,4,Finance,3,2,4,4,3.25,Yes,YES,0.61
EMP-2017,Zoey Thompson,32,8750,9,Research & Development,3,3,3,3,3.0,No,NO,0.23
EMP-2018,Levi Robinson,34,10751,9,Sales,3,3,3,2,2.75,Yes,YES,0.69
EMP-2019,Nora Torres,40,12035,8,Marketing,2,5,4,2,3.25,No,NO,0.12
EMP-2020,Isaac Baker,41,7367,11,Sales,4,1,4,2,2.75,Yes,NO,0.65
EMP-2021,Lily Gomez,32,8746,9,Research & Development,2,3,5,4,3.5,No,YES,0.12
EMP-2022,Gabriel Edwards,36,10564,2,Sales,2,3,3,4,3.0,No,NO,0.46
EMP-2023,Eleanor Cook,55,22441,26,Research & Development,3,2,4,2,2.75,No,NO,0.03
EMP-2024,Julian Bailey,51,17180,19,Research & Development,4,3,3,4,3.5,Yes,NO,0.09
EMP-2025,Hannah Ward,40,12949,13,Engineering,5,5,3,3,4.0,No,NO,0.03
EMP-2026,Mateo Bennett,37,8938,3,Sales,4,4,4,4,4.0,Yes,NO,0.51
EMP-2027,Lillian Burns,38,5416,5,Marketing,5,2,1,3,2.75,No,YES,0.31
EMP-2028,Anthony Porter,42,18498,14,Engineering,2,2,2,4,2.5,No,NO,0.07
EMP-2029,Addison Miller,28,6485,4,Engineering,1,5,3,3,3.0,No,NO,0.32
EMP-2030,Jaxon Wilson,34,6845,6,Research & Development,3,3,2,3,2.75,No,YES,0.25
EMP-2031,Aubrey Lee,22,3904,2,Sales,2,2,5,4,3.25,No,NO,0.58
EMP-2032,Lincoln Ramirez,40,9491,7,Research & Development,4,4,3,1,3.0,No,NO,0.22
EMP-2033,Ellie Wright,42,9093,12,Marketing,4,2,3,5,3.5,No,NO,0.14
EMP-2034,Joshua Adams,32,12591,9,Research & Development,5,2,4,4,3.75,No,NO,0.05
EMP-2035,Stella Carter,50,16000,23,Research & Development,2,4,3,3,3.0,No,NO,0.01
EMP-2036,Christopher Parker,26,4806,2,Sales,3,2,3,3,2.75,No,YES,0.71
EMP-2037,Natalie Morales,24,4906,1,Research & Development,3,1,1,2,1.75,Yes,YES,0.86
EMP-2038,Andrew Cooper,38,11772,11,Research & Development,2,2,3,3,2.5,No,NO,0.20
EMP-2039,Zoe Kim,45,18849,20,Sales,3,3,2,5,3.25,No,NO,0.09
EMP-2040,Theodore Wood,51,9978,7,Research & Development,3,1,4,2,2.5,Yes,YES,0.25
EMP-2041,Leah Tucker,33,10695,8,Research & Development,3,3,3,4,3.25,Yes,NO,0.45
EMP-2042,Caleb Crawford,46,12878,10,Sales,3,3,3,3,3.0,No,NO,0.13
EMP-2043,Hazel Jones,36,16113,12,Engineering,1,4,3,4,3.0,No,NO,0.12
EMP-2044,Ryan Lopez,35,4194,4,Sales,3,2,2,2,2.25,No,NO,0.61
EMP-2045,Violet Jackson,44,15896,17,Sales,3,4,5,3,3.75,No,NO,0.06
EMP-2046,Asher Sanchez,42,15442,14,Sales,1,1,1,5,2.0,Yes,YES,0.47
EMP-2047,Aurora Allen,23,3419,1,Sales,3,3,4,2,3.0,No,YES,0.86
EMP-2048,Nathan Flores,49,6320,3,Marketing,2,3,3,3,2.75,No,NO,0.33
EMP-2049,Savannah Campbell,48,12458,15,Research & Development,3,1,3,3,2.5,No,NO,0.04
EMP-2050,Thomas Turner,31,4116,4,Human Resources,2,3,3,3,2.75,Yes,YES,0.84
EMP-2051,Audrey Stewart,40,6844,2,Marketing,3,2,5,3,3.25,No,YES,0.35
EMP-2052,Leo Ortiz,41,24500,15,Engineering,4,2,2,3,2.75,Yes,YES,0.31
EMP-2053,Brooklyn Howard,39,8236,7,Research & Development,3,3,3,1,2.5,No,NO,0.28
EMP-2054,Isaiah Brooks,32,8483,9,Research & Development,4,3,5,5,4.25,No,NO,0.08
EMP-2055,Bella Webb,31,8557,6,Engineering,3,2,4,4,3.25,Yes,NO,0.57
EMP-2056,Charles Snyder,36,7797,12,Research & Development,3,2,3,2,2.5,No,NO,0.24
EMP-2057,Claire Williams,46,6691,1,Engineering,4,1,5,3,3.25,No,YES,0.24
EMP-2058,Josiah Martinez,41,11546,9,Engineering,3,3,4,4,3.5,No,NO,0.12
EMP-2059,Skylar Taylor,33,9756,12,Engineering,4,3,2,5,3.5,No,NO,0.18
EMP-2060,Hudson White,43,12116,5,Research & Development,3,2,3,5,3.25,No,NO,0.06
EMP-2061,Lucy Walker,20,2532,0,Engineering,3,1,3,4,2.75,No,NO,0.84
EMP-2062,Christian Nguyen,46,8703,4,Human Resources,4,3,3,2,3.0,No,NO,0.13
EMP-2063,Paisley Hall,22,7109,2,Engineering,2,4,4,5,3.75,No,YES,0.43
EMP-2064,Hunter Phillips,33,7793,4,Research & Development,3,4,3,4,3.5,No,NO,0.13
EMP-2065,Everly Collins,27,5544,3,Research & Development,2,4,1,3,2.5,No,NO,0.38
EMP-2066,Connor Rogers,25,5304,3,Sales,2,1,4,3,2.5,Yes,YES,0.81
EMP-2067,Anna Reed,46,12587,14,Research & Development,2,5,2,3,3.0,No,NO,0.02
EMP-2068,Eli Richardson,33,3603,3,Sales,3,2,5,4,3.5,No,NO,0.58
EMP-2069,Caroline Mendoza,39,7124,10,Marketing,4,5,5,3,4.25,No,NO,0.10
EMP-2070,Ezra Henry,36,7769,6,Sales,4,2,5,1,3.0,No,YES,0.36
EMP-2071,Nova Smith,41,6145,2,Engineering,3,3,4,2,3.0,No,NO,0.23
EMP-2072,Aaron Davis,37,5486,1,Research & Development,5,2,2,3,3.0,Yes,YES,0.65
EMP-2073,Genesis Anderson,26,6313,3,Research & Development,3,3,3,3,3.0,No,YES,0.43
EMP-2074,Landon Perez,45,7989,2,Research & Development,3,4,2,4,3.25,No,NO,0.27
EMP-2075,Emilia Lewis,32,9724,5,Research & Development,4,4,2,2,3.0,No,NO,0.19
EMP-2076,Adrian Scott,23,3691,1,Marketing,4,5,3,5,4.25,No,YES,0.79
EMP-2077,Kennedy Nelson,33,9433,7,Research & Development,4,3,1,4,3.0,No,NO,0.17
EMP-2078,Jonathan Roberts,49,10491,17,Human Resources,2,3,5,5,3.75,No,NO,0.08
EMP-2079,Samantha Cruz,44,9018,14,Sales,3,1,5,4,3.25,Yes,YES,0.54
EMP-2080,Nolan Murphy,34,6923,8,Marketing,4,5,3,2,3.5,No,YES,0.13
EMP-2081,Maya Peterson,34,7315,7,Research & Development,3,2,3,3,2.75,Yes,YES,0.47
EMP-2082,Jeremiah Cox,34,9408,9,Research & Development,4,4,3,2,3.25,No,YES,0.17
EMP-2083,Willow James,54,12403,16,Research & Development,3,3,4,5,3.75,No,NO,0.01
EMP-2084,Easton Freeman,40,10239,6,Sales,3,3,4,3,3.25,Yes,NO,0.74
EMP-2085,Kinsley Jimenez,40,5412,1,Research & Development,2,5,2,3,3.0,No,YES,0.41
EMP-2086,Elias Garcia,45,12057,18,Marketing,3,2,3,4,3.0,No,NO,0.12
EMP-2087,Naomi Gonzalez,39,10996,16,Human Resources,2,2,3,5,3.0,No,NO,0.27
EMP-2088,Colton Martin,34,8020,5,Human Resources,4,2,5,4,3.75,No,NO,0.23
EMP-2089,Aaliyah Clark,35,11164,5,Sales,4,4,2,4,3.5,Yes,YES,0.54
EMP-2090,Cameron King,36,9388,1,Research & Development,1,1,1,3,1.5,No,YES,0.39
EMP-2091,Elena Green,36,5311,5,Sales,4,1,4,3,3.0,Yes,YES,0.57
EMP-2092,Carson Mitchell,43,9629,9,Finance,3,2,4,2,2.75,No,NO,0.15
EMP-2093,Sarah Diaz,37,6720,3,Engineering,2,3,4,4,3.25,No,NO,0.24
EMP-2094,Robert Morris,43,7670,4,Marketing,3,3,3,3,3.0,No,YES,0.29
EMP-2095,Ariana Morgan,36,10628,7,Engineering,2,1,3,1,1.75,No,NO,0.24
EMP-2096,Angel Ramos,37,7494,6,Research & Development,2,4,3,5,3.5,Yes,YES,0.50
EMP-2097,Allison Chavez,20,2728,0,Research & Development,3,5,1,3,3.0,Yes,YES,0.95
EMP-2098,Maverick Washington,44,11946,17,Research & Development,4,2,3,4,3.25,No,NO,0.18
EMP-2099,Gabriella Simpson,39,3008,0,Research & Development,4,4,1,4,3.25,No,NO,0.41
EMP-2100,Nicholas Brown,45,11180,17,Research & Development,3,3,3,4,3.25,No,NO,0.11
EMP-2101,Alice Hernandez,20,3651,0,Sales,1,2,5,1,2.25,No,YES,0.82
EMP-2102,Dominic Moore,54,16523,13,Human Resources,5,2,3,2,3.0,No,NO,0.12
EMP-2103,Madelyn Harris,35,10312,7,Marketing,4,3,5,4,4.0,No,NO,0.17
EMP-2104,Jaxson Young,46,16349,10,Engineering,1,3,2,4,2.5,No,NO,0.08
EMP-2105,Cora Hill,28,3769,3,Marketing,4,1,3,3,2.75,Yes,YES,0.88
EMP-2106,Greyson Rivera,42,7352,7,Research & Development,2,4,3,3,3.0,Yes,YES,0.53
EMP-2107,Ruby Evans,28,3736,3,Research & Development,3,3,4,2,3.0,No,NO,0.57
EMP-2108,Adam Reyes,31,5655,7,Human Resources,3,3,3,5,3.5,No,NO,0.11
EMP-2109,Eva Gutierrez,53,17465,18,Research & Development,3,2,4,2,2.75,No,NO,0.07
EMP-2110,Ian Kelly,35,5318,3,Research & Development,4,3,1,2,2.5,No,NO,0.28
EMP-2111,Serenity Watson,38,13846,13,Research & Development,3,2,5,4,3.5,No,NO,0.07
EMP-2112,Austin Castillo,44,9515,3,Research & Development,1,3,2,2,2.0,Yes,YES,0.80
EMP-2113,Autumn Vasquez,41,10836,14,Sales,5,4,4,5,4.5,No,NO,0.08
EMP-2114,Santiago Johnson,38,7105,10,Sales,5,4,3,1,3.25,Yes,YES,0.69
EMP-2115,Adeline Rodriguez,40,9713,3,Sales,4,2,4,1,2.75,Yes,YES,0.62
EMP-2116,Jordan Thomas,57,16379,24,Human Resources,3,3,4,3,3.25,No,NO,0.04
EMP-2117,Hailey Thompson,36,14960,9,Sales,1,5,2,3,2.75,Yes,NO,0.66
EMP-2118,Cooper Robinson,38,10603,9,Research & Development,4,3,5,2,3.5,No,NO,0.10
EMP-2119,Gianna Torres,45,10179,6,Research & Development,1,1,2,3,1.75,Yes,NO,0.70
EMP-2120,Alexander Baker,46,9822,11,Research & Development,1,2,2,3,2.0,Yes,NO,0.42
EMP-2121,Sophia Gomez,47,9827,6,Engineering,3,1,4,4,3.0,No,NO,0.11
EMP-2122,Liam Edwards,42,8033,9,Engineering,2,4,2,1,2.25,No,YES,0.27
EMP-2123,Olivia Cook,27,2630,1,Human Resources,1,3,2,5,2.75,Yes,YES,0.97
EMP-2124,Noah Bailey,50,23183,23,Research & Development,2,3,3,3,2.75,Yes,YES,0.18
EMP-2125,Emma Ward,27,4882,3,Sales,2,1,4,2,2.25,No,NO,0.64
EMP-2126,Ethan Bennett,39,7349,6,Sales,2,3,2,1,2.0,No,NO,0.27
EMP-2127,Ava Burns,30,5453,5,Sales,1,4,3,3,2.75,Yes,YES,0.69
EMP-2128,James Porter,36,10078,13,Sales,2,1,4,2,2.25,No,YES,0.25
EMP-2129,Isabella Miller,39,10216,5,Sales,3,2,4,3,3.0,Yes,NO,0.69
EMP-2130,Oliver Wilson,39,10428,10,Sales,3,5,5,2,3.75,Yes,YES,0.77
EMP-2131,Mia Lee,40,8608,9,Engineering,3,3,4,4,3.5,No,NO,0.07
EMP-2132,Benjamin Ramirez,50,16887,11,Research & Development,3,3,3,3,3.0,No,NO,0.07
EMP-2133,Charlotte Wright,40,10870,1,Engineering,1,3,3,1,2.0,Yes,YES,0.93
EMP-2134,Elijah Adams,34,9929,7,Research & Development,1,3,2,3,2.25,No,NO,0.22
EMP-2135,Amelia Carter,45,18034,15,Research & Development,2,1,4,4,2.75,Yes,YES,0.24
EMP-2136,Lucas Parker,47,21105,18,Finance,3,1,5,2,2.75,Yes,NO,0.18
EMP-2137,Harper Morales,26,3867,4,Finance,3,3,4,4,3.5,Yes,YES,0.53
EMP-2138,Mason Cooper,42,15743,7,Research & Development,2,5,1,3,2.75,Yes,YES,0.36
EMP-2139,Evelyn Kim,42,10627,5,Sales,3,1,3,5,3.0,No,YES,0.23
EMP-2140,Logan Wood,34,6406,1,Research & Development,2,2,3,2,2.25,No,NO,0.67
EMP-2141,Abigail Tucker,48,13594,16,Sales,3,3,4,5,3.75,Yes,NO,0.14
EMP-2142,Daniel Crawford,35,6934,7,Engineering,3,4,4,4,3.75,No,NO,0.11
EMP-2143,Emily Jones,38,8211,7,Finance,4,2,3,3,3.0,No,NO,0.23
EMP-2144,Henry Lopez,35,5990,3,Human Resources,3,4,2,3,3.0,No,YES,0.30
EMP-2145,Elizabeth Jackson,37,4572,2,Sales,4,1,5,1,2.75,No,NO,0.63
EMP-2146,Jackson Sanchez,27,5607,6,Human Resources,5,5,4,5,4.75,Yes,YES,0.66
EMP-2147,Mila Allen,24,3960,3,Research & Development,5,3,2,4,3.5,No,NO,0.37
EMP-2148,Sebastian Flores,50,14453,23,Marketing,3,3,3,2,2.75,No,NO,0.13
EMP-2149,Ella Campbell,29,4762,7,Marketing,3,3,5,1,3.0,No,NO,0.47
EMP-2150,Aiden Turner,28,4054,4,Sales,2,4,4,1,2.75,No,YES,0.63
EMP-2151,Avery Stewart,20,3505,0,Research & Development,5,2,3,3,3.25,No,YES,0.60
EMP-2152,Matthew Ortiz,31,5889,4,Research & Development,3,1,1,3,2.0,No,NO,0.30
EMP-2153,Sofia Howard,25,3921,1,Research & Development,2,3,1,3,2.25,No,YES,0.78
EMP-2154,Samuel Brooks,50,10669,8,Engineering,3,3,2,3,2.75,Yes,NO,0.65
EMP-2155,Camila Webb,45,24164,13,Sales,2,3,3,3,2.75,Yes,YES,0.27
EMP-2156,David Snyder,31,6719,2,Research & Development,3,3,3,3,3.0,No,NO,0.36
EMP-2157,Aria Williams,56,17977,16,Sales,2,3,3,1,2.25,Yes,NO,0.25
EMP-2158,Joseph Martinez,45,7362,3,Engineering,3,2,4,3,3.0,No,YES,0.23
EMP-2159,Scarlett Taylor,34,9367,6,Research & Development,1,4,1,1,1.75,No,NO,0.57
EMP-2160,Carter White,20,3306,0,Engineering,5,4,2,5,4.0,No,YES,0.78
EMP-2161,Victoria Walker,56,14698,26,Marketing,4,3,3,4,3.5,No,NO,0.05
EMP-2162,Owen Nguyen,25,6859,1,Finance,4,3,2,5,3.5,No,NO,0.43
EMP-2163,Madison Hall,23,4374,1,Sales,3,5,1,3,3.0,No,YES,0.85
EMP-2164,Wyatt Phillips,45,11728,7,Research & Development,4,4,3,4,3.75,No,NO,0.11
EMP-2165,Luna Collins,57,13744,21,Sales,3,3,4,3,3.25,Yes,NO,0.37
EMP-2166,John Rogers,48,10430,14,Research & Development,2,3,4,3,3.0,No,NO,0.12
EMP-2167,Grace Reed,41,11641,11,Research & Development,2,3,4,2,2.75,No,YES,0.23
EMP-2168,Jack Richardson,42,7751,10,Human Resources,3,3,4,4,3.5,No,NO,0.19
EMP-2169,Chloe Mendoza,44,9704,5,Sales,2,3,4,5,3.5,Yes,NO,0.55
EMP-2170,Luke Henry,43,9299,6,Marketing,5,2,2,2,2.75,No,NO,0.35
EMP-2171,Penelope Smith,39,11724,11,Research & Development,1,3,5,2,2.75,No,NO,0.21
EMP-2172,Jayden Davis,37,9342,8,Human Resources,3,3,2,4,3.0,No,NO,0.37
EMP-2173,Layla Anderson,36,9143,5,Engineering,3,3,2,5,3.25,No,NO,0.23
EMP-2174,Dylan Perez,30,4473,1,Engineering,3,2,2,4,2.75,Yes,YES,0.85
EMP-2175,Riley Lewis,34,5270,3,Marketing,3,4,5,3,3.75,No,NO,0.12
EMP-2176,Grayson Scott,22,5094,2,Engineering,2,3,5,3,3.25,No,YES,0.59
EMP-2177,Zoey Nelson,36,7813,4,Marketing,4,1,4,3,3.0,No,NO,0.19
EMP-2178,Levi Roberts,28,7858,6,Research & Development,2,3,3,4,3.0,Yes,NO,0.58
EMP-2179,Nora Cruz,27,6180,7,Sales,3,4,3,4,3.5,No,NO,0.31
EMP-2180,Isaac Murphy,38,11874,7,Research & Development,4,4,5,3,4.0,No,NO,0.06
EMP-2181,Lily Peterson,48,17467,17,Research & Development,4,2,4,3,3.25,Yes,NO,0.13
EMP-2182,Gabriel Cox,44,18752,12,Research & Development,3,5,5,5,4.5,Yes,NO,0.13
EMP-2183,Eleanor James,23,4771,2,Research & Development,3,1,3,4,2.75,No,NO,0.43
EMP-2184,Julian Freeman,28,6131,7,Research & Development,3,5,3,5,4.0,No,NO,0.34
EMP-2185,Hannah Jimenez,44,15017,9,Research & Development,3,2,4,3,3.0,No,NO,0.03
EMP-2186,Mateo Garcia,28,3743,0,Research & Development,3,1,2,4,2.5,Yes,YES,0.90
EMP-2187,Lillian Gonzalez,35,8387,8,Marketing,4,3,5,4,4.0,No,NO,0.13
EMP-2188,Anthony Martin,41,14540,15,Research & Development,2,3,3,3,2.75,No,NO,0.04
EMP-2189,Addison Clark,28,5322,1,Engineering,3,3,5,5,4.0,No,YES,0.61
EMP-2190,Jaxon King,37,12278,14,Research & Development,4,4,3,1,3.0,No,NO,0.14
EMP-2191,Aubrey Green,25,3551,5,Marketing,3,4,4,4,3.75,No,NO,0.45
EMP-2192,Lincoln Mitchell,31,5375,7,Marketing,3,3,3,5,3.5,No,YES,0.33
EMP-2193,Ellie Diaz,39,7124,2,Human Resources,2,3,3,3,2.75,Yes,YES,0.84
EMP-2194,Joshua Morris,23,4067,2,Human Resources,3,2,3,4,3.0,No,YES,0.89
EMP-2195,Stella Morgan,40,13808,5,Research & Development,5,1,5,3,3.5,Yes,YES,0.23
EMP-2196,Christopher Ramos,36,7824,10,Finance,3,3,4,4,3.5,No,NO,0.15
EMP-2197,Natalie Chavez,41,6712,4,Marketing,2,1,2,4,2.25,No,YES,0.54
EMP-2198,Andrew Washington,38,13735,13,Marketing,2,4,5,3,3.5,No,NO,0.11
EMP-2199,Zoe Simpson,48,8680,11,Human Resources,1,3,2,4,2.5,No,NO,0.24
EMP-2200,Theodore Brown,38,8260,7,Research & Development,3,2,3,3,2.75,Yes,NO,0.42
EMP-2201,Leah Hernandez,33,5438,4,Marketing,3,3,2,2,2.5,Yes,NO,0.62
EMP-2202,Caleb Moore,38,7880,6,Research & Development,2,2,4,3,2.75,No,NO,0.10
EMP-2203,Hazel Harris,41,10697,8,Sales,4,3,2,4,3.25,No,NO,0.34
EMP-2204,Ryan Young,37,3898,1,Research & Development,4,4,2,2,3.0,No,YES,0.60
EMP-2205,Violet Hill,37,13379,10,Marketing,2,3,5,4,3.5,No,NO,0.13
EMP-2206,Asher Rivera,31,5355,4,Research & Development,2,2,4,3,2.75,Yes,YES,0.53
EMP-2207,Aurora Evans,31,4924,7,Research & Development,5,4,2,4,3.75,No,NO,0.08
EMP-2208,Nathan Reyes,25,5446,4,Sales,3,1,4,1,2.25,Yes,YES,0.86
EMP-2209,Savannah Gutierrez,51,17141,19,Engineering,4,4,5,4,4.25,No,NO,0.03
EMP-2210,Thomas Kelly,26,4192,3,Human Resources,3,3,1,4,2.75,No,YES,0.57
EMP-2211,Audrey Watson,31,8480,6,Research & Development,4,3,4,5,4.0,No,NO,0.10
EMP-2212,Leo Castillo,30,9660,7,Research & Development,4,4,3,4,3.75,No,YES,0.09
EMP-2213,Brooklyn Vasquez,44,21114,12,Engineering,3,4,4,4,3.75,Yes,NO,0.23
EMP-2214,Isaiah Johnson,34,7062,7,Finance,4,1,3,5,3.25,No,NO,0.09
EMP-2215,Bella Rodriguez,47,19402,15,Engineering,5,2,4,4,3.75,No,NO,0.02
EMP-2216,Charles Thomas,31,10806,10,Sales,3,3,1,3,2.5,Yes,YES,0.84
EMP-2217,Claire Thompson,39,6028,16,Marketing,2,1,4,4,2.75,No,NO,0.17
EMP-2218,Josiah Robinson,29,3691,1,Sales,3,3,1,4,2.75,No,YES,0.69
EMP-2219,Skylar Torres,55,13548,24,Sales,4,4,3,3,3.5,No,NO,0.04
EMP-2220,Hudson Baker,26,4662,1,Sales,4,3,2,4,3.25,Yes,YES,0.85
EMP-2221,Lucy Gomez,39,9917,8,Sales,2,4,4,4,3.5,No,NO,0.41
EMP-2222,Christian Edwards,42,9897,4,Engineering,1,3,3,5,3.0,Yes,NO,0.70
EMP-2223,Paisley Cook,40,7684,6,Sales,4,3,3,5,3.75,Yes,YES,0.51
EMP-2224,Hunter Bailey,35,6009,2,Research & Development,2,4,3,3,3.0,No,NO,0.27
EMP-2225,Everly Ward,35,9876,9,Research & Development,3,3,4,3,3.25,Yes,NO,0.27
EMP-2226,Connor Bennett,37,9716,10,Research & Development,4,3,3,2,3.0,No,NO,0.13
EMP-2227,Anna Burns,35,13899,14,Sales,3,2,4,2,2.75,Yes,NO,0.19
EMP-2228,Eli Porter,45,11045,15,Research & Development,1,4,1,4,2.5,Yes,NO,0.51
EMP-2229,Caroline Miller,55,8323,4,Research & Development,2,4,2,3,2.75,Yes,YES,0.55
EMP-2230,Ezra Wilson,32,7273,8,Human Resources,2,2,3,3,2.5,No,YES,0.29
EMP-2231,Nova Lee,25,4389,1,Engineering,2,2,5,4,3.25,No,NO,0.75
EMP-2232,Aaron Ramirez,36,7455,7,Engineering,3,5,1,4,3.25,No,YES,0.13
EMP-2233,Genesis Wright,58,12065,6,Sales,3,2,1,2,2.0,Yes,YES,0.28
EMP-2234,Landon Adams,30,6257,8,Marketing,2,2,2,3,2.25,No,YES,0.39
EMP-2235,Emilia Carter,50,7691,8,Marketing,1,3,3,3,2.5,No,YES,0.28
EMP-2236,Adrian Parker,51,12110,8,Engineering,2,5,3,3,3.25,No,NO,0.12
EMP-2237,Kennedy Morales,32,5967,9,Human Resources,5,4,4,5,4.5,No,NO,0.25
EMP-2238,Jonathan Cooper,41,9144,6,Research & Development,3,4,1,4,3.0,No,NO,0.16
EMP-2239,Samantha Kim,50,15935,21,Finance,3,1,2,3,2.25,Yes,YES,0.25
EMP-2240,Nolan Wood,33,6687,5,Research & Development,4,4,3,4,3.75,No,NO,0.14
EMP-2241,Maya Tucker,35,6940,5,Research & Development,3,3,3,3,3.0,No,NO,0.18
EMP-2242,Jeremiah Crawford,32,6316,1,Sales,4,4,4,4,4.0,No,NO,0.33
EMP-2243,Willow Jones,28,8147,6,Research & Development,2,2,2,2,2.0,No,NO,0.41
EMP-2244,Easton Lopez,31,6184,10,Finance,4,1,5,4,3.5,No,NO,0.12
EMP-2245,Kinsley Jackson,26,6376,3,Sales,2,3,3,3,2.75,No,NO,0.65
EMP-2246,Elias Sanchez,37,13309,14,Sales,3,1,4,2,2.5,Yes,YES,0.42
EMP-2247,Naomi Allen,30,4944,2,Human Resources,1,4,3,3,2.75,Yes,YES,0.90
EMP-2248,Colton Flores,38,11811,9,Sales,4,5,2,3,3.5,No,NO,0.17
EMP-2249,Aaliyah Campbell,23,4167,1,Research & Development,1,3,4,4,3.0,No,NO,0.40
EMP-2250,Cameron Turner,39,11959,14,Human Resources,4,4,4,1,3.25,No,NO,0.12
EMP-2251,Elena Stewart,44,10328,8,Engineering,3,3,3,4,3.25,No,NO,0.14
EMP-2252,Carson Ortiz,20,3633,0,Sales,4,4,3,4,3.75,Yes,YES,0.86
EMP-2253,Sarah Howard,40,14586,13,Engineering,3,4,2,4,3.25,No,NO,0.10
EMP-2254,Robert Brooks,47,12625,21,Research & Development,2,3,4,4,3.25,Yes,NO,0.07
EMP-2255,Ariana Webb,26,8598,5,Research & Development,3,3,3,2,2.75,No,YES,0.37
EMP-2256,Angel Snyder,51,8763,3,Research & Development,5,3,4,3,3.75,No,NO,0.17
EMP-2257,Allison Williams,40,10408,12,Sales,1,4,2,5,3.0,No,YES,0.20
EMP-2258,Maverick Martinez,31,7128,5,Engineering,5,1,1,3,2.5,Yes,YES,0.60
EMP-2259,Gabriella Taylor,36,8969,7,Engineering,3,4,2,3,3.0,No,NO,0.34
EMP-2260,Nicholas White,41,11420,11,Sales,4,5,2,4,3.75,Yes,YES,0.48
EMP-2261,Alice Walker,37,5077,3,Sales,3,3,3,3,3.0,Yes,YES,0.68
EMP-2262,Dominic Nguyen,41,9053,12,Engineering,3,4,2,4,3.25,No,NO,0.25
EMP-2263,Madelyn Hall,29,4212,2,Research & Development,4,4,4,5,4.25,No,YES,0.39
EMP-2264,Jaxson Phillips,38,7983,3,Research & Development,3,3,2,1,2.25,No,NO,0.23
EMP-2265,Cora Collins,24,4890,3,Finance,3,3,4,4,3.5,No,NO,0.15
EMP-2266,Greyson Rogers,36,10960,10,Human Resources,1,4,3,2,2.5,No,NO,0.23
EMP-2267,Ruby Reed,29,7608,7,Finance,1,3,5,3,3.0,Yes,YES,0.53
EMP-2268,Adam Richardson,30,8233,4,Research & Development,3,1,5,4,3.25,No,NO,0.12
EMP-2269,Eva Mendoza,47,16283,21,Engineering,4,3,4,4,3.75,Yes,NO,0.17
EMP-2270,Ian Henry,46,12140,13,Research & Development,3,3,4,4,3.5,No,NO,0.05
EMP-2271,Serenity Smith,42,14051,15,Research & Development,2,4,3,5,3.5,No,NO,0.02
EMP-2272,Austin Davis,27,5961,5,Sales,3,2,4,3,3.0,No,YES,0.51
EMP-2273,Autumn Anderson,34,7288,5,Research & Development,3,1,5,4,3.25,No,NO,0.32
EMP-2274,Santiago Perez,47,8914,8,Research & Development,3,4,1,3,2.75,Yes,YES,0.32
EMP-2275,Adeline Lewis,38,6970,9,Research & Development,4,2,3,3,3.0,No,NO,0.28
EMP-2276,Jordan Scott,56,24500,29,Research & Development,4,4,2,3,3.25,No,NO,0.04
EMP-2277,Hailey Nelson,40,12524,8,Engineering,1,4,3,4,3.0,No,NO,0.17
EMP-2278,Cooper Roberts,38,7709,8,Sales,3,4,3,3,3.25,Yes,YES,0.52
EMP-2279,Gianna Cruz,34,10215,8,Research & Development,3,2,3,4,3.0,No,NO,0.34
EMP-2280,Alexander Murphy,38,8449,6,Research & Development,4,3,3,4,3.5,No,NO,0.11
EMP-2281,Sophia Peterson,35,15163,12,Research & Development,2,3,5,1,2.75,Yes,YES,0.40
EMP-2282,Liam Cox,43,5646,7,Human Resources,4,3,3,3,3.25,No,NO,0.22
EMP-2283,Olivia James,45,13481,14,Research & Development,1,2,4,3,2.5,Yes,NO,0.30
EMP-2284,Noah Freeman,30,7953,6,Engineering,3,3,3,3,3.0,No,NO,0.16
EMP-2285,Emma Jimenez,25,6225,4,Research & Development,1,1,3,4,2.25,Yes,YES,0.61
EMP-2286,Ethan Garcia,21,5691,1,Research & Development,2,4,3,3,3.0,No,NO,0.49
EMP-2287,Ava Gonzalez,41,6972,5,Marketing,1,4,2,4,2.75,No,NO,0.28
EMP-2288,James Martin,27,9542,6,Engineering,2,5,3,4,3.5,No,NO,0.23
EMP-2289,Isabella Clark,20,3103,0,Research & Development,2,3,3,3,2.75,No,YES,0.78
EMP-2290,Oliver King,40,14376,8,Engineering,4,4,3,4,3.75,No,NO,0.04
EMP-2291,Mia Green,58,19594,18,Sales,1,2,3,1,1.75,Yes,YES,0.53
EMP-2292,Benjamin Mitchell,36,9568,8,Engineering,3,3,3,1,2.5,No,YES,0.29
EMP-2293,Charlotte Diaz,44,7181,7,Human Resources,2,3,3,2,2.5,No,NO,0.41
EMP-2294,Elijah Morris,37,13186,10,Engineering,5,5,3,3,4.0,No,NO,0.08
EMP-2295,Amelia Morgan,36,8189,9,Finance,5,4,2,2,3.25,Yes,YES,0.49
EMP-2296,Lucas Ramos,44,14992,15,Research & Development,2,4,2,5,3.25,Yes,NO,0.11
EMP-2297,Harper Chavez,34,7023,9,Human Resources,3,4,1,3,2.75,No,NO,0.41
EMP-2298,Mason Washington,39,11546,11,Sales,1,4,1,4,2.5,No,NO,0.40
EMP-2299,Evelyn Simpson,39,12073,13,Research & Development,5,1,2,3,2.75,No,NO,0.05
EMP-2300,Logan Brown,31,6596,6,Research & Development,3,4,1,3,2.75,No,NO,0.20
EMP-2301,Abigail Hernandez,45,12886,6,Research & Development,1,3,2,3,2.25,No,YES,0.16
EMP-2302,Daniel Moore,35,5685,3,Human Resources,3,3,3,4,3.25,No,NO,0.24
EMP-2303,Emily Harris,30,6475,5,Sales,1,1,1,3,1.5,No,NO,0.60
EMP-2304,Henry Young,41,8828,5,Sales,3,3,3,3,3.0,No,NO,0.47
EMP-2305,Elizabeth Hill,29,3278,1,Research & Development,4,1,5,3,3.25,Yes,YES,0.75
EMP-2306,Jackson Rivera,37,18928,13,Sales,3,3,4,4,3.5,Yes,NO,0.32
EMP-2307,Mila Evans,36,10533,14,Marketing,3,2,3,2,2.5,Yes,YES,0.56
EMP-2308,Sebastian Reyes,46,5540,6,Sales,2,5,5,4,4.0,No,YES,0.18
EMP-2309,Ella Gutierrez,41,10282,7,Human Resources,2,4,3,3,3.0,No,YES,0.42
EMP-2310,Aiden Kelly,36,6754,4,Engineering,1,2,1,4,2.0,Yes,YES,0.72
EMP-2311,Avery Watson,43,17054,11,Engineering,4,3,5,3,3.75,No,NO,0.09
EMP-2312,Matthew Castillo,48,10077,7,Sales,2,1,4,3,2.5,Yes,NO,0.73
EMP-2313,Sofia Vasquez,41,7149,7,Engineering,3,2,3,2,2.5,Yes,NO,0.73
EMP-2314,Samuel Johnson,37,10468,10,Sales,3,1,4,5,3.25,Yes,NO,0.73
EMP-2315,Camila Rodriguez,25,3833,1,Marketing,2,4,4,3,3.25,Yes,YES,0.93
EMP-2316,David Thomas,27,7653,3,Research & Development,3,3,2,5,3.25,No,NO,0.21
EMP-2317,Aria Thompson,34,7049,2,Research & Development,3,2,2,3,2.5,No,YES,0.29
EMP-2318,Joseph Robinson,31,4234,2,Research & Development,3,3,3,2,2.75,No,YES,0.59
EMP-2319,Scarlett Torres,35,8832,2,Engineering,3,3,5,3,3.5,No,NO,0.31
EMP-2320,Carter Baker,37,7564,7,Sales,3,3,1,1,2.0,No,NO,0.43
EMP-2321,Victoria Gomez,41,16565,9,Research & Development,3,1,4,5,3.25,No,NO,0.10
EMP-2322,Owen Edwards,36,5440,1,Research & Development,3,5,1,4,3.25,Yes,YES,0.69
EMP-2323,Madison Cook,41,8037,8,Marketing,4,1,3,4,3.0,Yes,YES,0.62
EMP-2324,Wyatt Bailey,37,5842,2,Engineering,1,1,3,3,2.0,No,YES,0.59
EMP-2325,Luna Ward,20,3012,1,Sales,3,1,4,3,2.75,Yes,YES,0.97
EMP-2326,John Bennett,29,4893,6,Human Resources,1,3,1,5,2.5,Yes,YES,0.59
EMP-2327,Grace Burns,35,12188,9,Sales,2,2,3,3,2.5,No,NO,0.29
EMP-2328,Jack Porter,26,4004,4,Sales,3,1,3,4,2.75,No,NO,0.64
EMP-2329,Chloe Miller,42,10501,8,Marketing,4,2,1,3,2.5,Yes,NO,0.81
EMP-2330,Luke Wilson,50,20513,18,Research & Development,4,3,2,5,3.5,Yes,NO,0.10
EMP-2331,Penelope Lee,47,12949,6,Sales,1,1,4,4,2.5,Yes,NO,0.41
EMP-2332,Jayden Ramirez,35,8487,6,Research & Development,3,2,3,5,3.25,No,NO,0.08
EMP-2333,Layla Wright,49,6928,5,Sales,3,2,2,3,2.5,Yes,YES,0.67
EMP-2334,Dylan Adams,38,12231,16,Sales,2,2,3,2,2.25,No,NO,0.16
EMP-2335,Riley Carter,34,6006,1,Sales,4,3,5,3,3.75,No,YES,0.39
EMP-2336,Grayson Parker,31,5896,2,Research & Development,4,1,1,4,2.5,No,NO,0.40
EMP-2337,Zoey Morales,34,6709,3,Sales,5,1,3,4,3.25,Yes,YES,0.67
EMP-2338,Levi Cooper,33,15061,11,Research & Development,1,3,1,1,1.5,Yes,NO,0.62
EMP-2339,Nora Kim,38,10787,7,Research & Development,2,2,1,3,2.0,No,NO,0.35
EMP-2340,Isaac Wood,38,8169,4,Research & Development,4,1,2,2,2.25,No,NO,0.40
EMP-2341,Lily Tucker,37,7362,10,Engineering,4,2,3,4,3.25,Yes,YES,0.43
EMP-2342,Gabriel Crawford,40,10702,16,Sales,4,5,4,2,3.75,No,NO,0.10
EMP-2343,Eleanor Jones,47,8573,10,Human Resources,1,3,2,4,2.5,Yes,YES,0.60
EMP-2344,Julian Lopez,45,5795,4,Engineering,2,3,3,3,2.75,Yes,NO,0.66
EMP-2345,Hannah Jackson,24,2543,1,Human Resources,3,4,3,3,3.25,No,YES,0.80
EMP-2346,Mateo Sanchez,20,3190,1,Sales,1,5,2,5,3.25,Yes,NO,0.90
EMP-2347,Lillian Allen,44,12250,14,Sales,3,4,3,2,3.0,No,NO,0.06
EMP-2348,Anthony Flores,25,5123,2,Sales,3,3,4,2,3.0,No,NO,0.60
EMP-2349,Addison Campbell,35,5856,5,Human Resources,2,3,4,1,2.5,No,NO,0.18
EMP-2350,Jaxon Turner,27,6077,4,Sales,2,2,4,3,2.75,No,YES,0.49
EMP-2351,Aubrey Stewart,21,3794,1,Engineering,3,3,3,4,3.25,No,YES,0.71
EMP-2352,Lincoln Ortiz,41,9859,11,Marketing,2,4,4,3,3.25,Yes,NO,0.48
EMP-2353,Ellie Howard,43,15266,14,Research & Development,4,3,2,4,3.25,No,NO,0.04
EMP-2354,Joshua Brooks,32,9289,3,Research & Development,3,4,4,1,3.0,No,NO,0.19
EMP-2355,Stella Webb,20,2571,1,Human Resources,2,3,5,4,3.5,Yes,YES,0.85
EMP-2356,Christopher Snyder,32,10419,10,Research & Development,5,3,1,4,3.25,Yes,YES,0.38
EMP-2357,Natalie Williams,40,13862,10,Research & Development,5,2,3,5,3.75,Yes,NO,0.19
EMP-2358,Andrew Martinez,24,2770,2,Marketing,1,3,3,5,3.0,No,YES,0.78
EMP-2359,Zoe Taylor,38,11104,2,Research & Development,4,3,4,3,3.5,No,NO,0.24
EMP-2360,Theodore White,36,8891,5,Marketing,2,4,2,3,2.75,No,YES,0.46
EMP-2361,Leah Walker,41,9468,14,Engineering,1,4,5,4,3.5,No,NO,0.15
EMP-2362,Caleb Nguyen,38,12358,9,Engineering,2,4,3,2,2.75,No,NO,0.10
EMP-2363,Hazel Hall,28,6451,6,Research & Development,2,2,2,3,2.25,No,YES,0.28
EMP-2364,Ryan Phillips,47,10506,9,Research & Development,4,4,1,2,2.75,No,NO,0.12
EMP-2365,Violet Collins,35,10945,11,Sales,4,2,4,3,3.25,No,NO,0.39
EMP-2366,Asher Rogers,36,10422,5,Research & Development,5,2,1,3,2.75,No,NO,0.09
EMP-2367,Aurora Reed,29,7195,7,Research & Development,4,4,2,2,3.0,No,NO,0.19
EMP-2368,Nathan Richardson,33,7712,7,Research & Development,3,2,3,1,2.25,No,NO,0.24
EMP-2369,Savannah Mendoza,29,6600,3,Research & Development,4,1,3,4,3.0,No,YES,0.28
EMP-2370,Thomas Henry,35,6700,1,Research & Development,5,3,4,1,3.25,No,YES,0.40
EMP-2371,Audrey Smith,51,15956,22,Engineering,4,4,3,5,4.0,No,NO,0.01
EMP-2372,Leo Davis,25,8404,3,Research & Development,4,2,4,2,3.0,No,YES,0.40
EMP-2373,Brooklyn Anderson,23,3534,1,Research & Development,5,3,5,4,4.25,No,NO,0.27
EMP-2374,Isaiah Perez,49,13378,12,Human Resources,2,3,2,3,2.5,No,NO,0.15
EMP-2375,Bella Lewis,35,6773,2,Finance,4,4,4,1,3.25,No,YES,0.34
EMP-2376,Charles Scott,31,6717,2,Research & Development,4,4,5,3,4.0,Yes,YES,0.70
EMP-2377,Claire Nelson,45,13676,18,Research & Development,5,2,4,3,3.5,Yes,YES,0.16
EMP-2378,Josiah Roberts,31,5575,9,Sales,2,2,4,4,3.0,No,YES,0.24
EMP-2379,Skylar Cruz,52,8825,6,Marketing,3,2,2,4,2.75,No,NO,0.15
EMP-2380,Hudson Murphy,42,12931,11,Engineering,4,3,3,1,2.75,No,NO,0.23
EMP-2381,Lucy Peterson,32,4915,6,Human Resources,2,4,3,2,2.75,No,YES,0.47
EMP-2382,Christian Cox,55,23797,21,Research & Development,3,1,4,3,2.75,No,NO,0.03
EMP-2383,Paisley James,31,6136,4,Sales,2,1,5,2,2.5,Yes,YES,0.72
EMP-2384,Hunter Freeman,43,11141,14,Research & Development,3,4,1,3,2.75,Yes,YES,0.54
EMP-2385,Everly Jimenez,39,10917,12,Human Resources,3,3,1,5,3.0,No,NO,0.33
EMP-2386,Connor Garcia,48,18148,14,Engineering,3,4,1,3,2.75,Yes,NO,0.17
EMP-2387,Anna Gonzalez,50,14162,20,Finance,3,4,4,4,3.75,No,NO,0.01
EMP-2388,Eli Martin,37,10393,4,Research & Development,3,4,2,4,3.25,No,NO,0.12
EMP-2389,Caroline Clark,30,14406,7,Research & Development,2,3,3,4,3.0,No,NO,0.13
EMP-2390,Ezra King,40,5236,3,Sales,2,3,3,2,2.5,No,NO,0.33
EMP-2391,Nova Green,31,8679,7,Engineering,1,5,3,4,3.25,No,YES,0.17
EMP-2392,Aaron Mitchell,54,22206,21,Engineering,1,3,2,4,2.5,Yes,YES,0.26
EMP-2393,Genesis Diaz,38,18323,9,Research & Development,3,2,4,2,2.75,No,NO,0.11
EMP-2394,Landon Morris,33,6327,5,Research & Development,4,2,3,3,3.0,No,YES,0.21
EMP-2395,Emilia Morgan,38,5985,5,Sales,2,2,5,5,3.5,Yes,YES,0.53
EMP-2396,Adrian Ramos,25,4311,3,Research & Development,2,4,3,4,3.25,Yes,YES,0.76
EMP-2397,Kennedy Chavez,28,5427,1,Marketing,3,1,2,3,2.25,Yes,YES,0.88
EMP-2398,Jonathan Washington,47,8084,7,Sales,2,1,2,3,2.0,Yes,NO,0.74
EMP-2399,Samantha Simpson,31,7347,7,Engineering,5,4,5,3,4.25,No,NO,0.12
EMP-2400,Nolan Brown,28,5183,2,Sales,4,5,4,3,4.0,No,NO,0.50
EMP-2401,Maya Hernandez,41,11435,7,Engineering,3,1,1,3,2.0,Yes,YES,0.60
EMP-2402,Jeremiah Moore,47,18548,14,Research & Development,2,3,4,3,3.0,No,NO,0.05
EMP-2403,Willow Harris,43,12867,10,Engineering,3,3,3,4,3.25,No,NO,0.11
EMP-2404,Easton Young,45,9301,4,Research & Development,1,2,3,4,2.5,No,NO,0.30
EMP-2405,Kinsley Hill,30,5931,4,Sales,2,4,2,4,3.0,No,YES,0.33
EMP-2406,Elias Rivera,24,3469,2,Research & Development,2,1,4,2,2.25,No,YES,0.81
EMP-2407,Naomi Evans,49,14813,19,Sales,4,1,1,4,2.5,No,NO,0.04
EMP-2408,Colton Reyes,34,11541,12,Research & Development,3,2,2,2,2.25,No,NO,0.38
EMP-2409,Aaliyah Gutierrez,34,8316,8,Research & Development,1,2,3,3,2.25,No,NO,0.17
EMP-2410,Cameron Kelly,48,4917,1,Finance,4,1,2,5,3.0,Yes,YES,0.65
EMP-2411,Elena Watson,41,11620,18,Research & Development,3,1,3,3,2.5,No,NO,0.15
EMP-2412,Carson Castillo,40,12563,11,Engineering,3,4,1,2,2.5,No,NO,0.08
EMP-2413,Sarah Vasquez,55,17847,13,Finance,2,2,3,2,2.25,No,NO,0.05
EMP-2414,Robert Johnson,31,10367,4,Research & Development,3,5,5,3,4.0,No,NO,0.06
EMP-2415,Ariana Rodriguez,44,13765,13,Engineering,5,3,3,4,3.75,No,NO,0.07
EMP-2416,Angel Thomas,37,6383,4,Research & Development,1,3,3,5,3.0,Yes,NO,0.43
EMP-2417,Allison Thompson,39,7208,4,Research & Development,2,2,3,4,2.75,No,NO,0.14
EMP-2418,Maverick Robinson,49,9441,12,Sales,2,2,3,4,2.75,Yes,YES,0.64
EMP-2419,Gabriella Torres,41,15524,18,Marketing,2,3,4,4,3.25,No,YES,0.08
EMP-2420,Nicholas Baker,41,20153,11,Research & Development,3,3,2,4,3.0,Yes,NO,0.35
EMP-2421,Alice Gomez,46,7214,5,Sales,4,4,4,1,3.25,No,NO,0.17
EMP-2422,Dominic Edwards,33,3398,0,Sales,5,3,4,5,4.25,Yes,YES,0.89
EMP-2423,Madelyn Cook,29,5840,2,Marketing,2,3,4,3,3.0,Yes,YES,0.75
EMP-2424,Jaxson Bailey,28,6923,4,Research & Development,3,2,1,5,2.75,Yes,YES,0.49
EMP-2425,Cora Ward,20,3805,0,Engineering,3,4,1,1,2.25,No,YES,0.75
EMP-2426,Greyson Bennett,54,24500,22,Engineering,3,3,3,4,3.25,No,NO,0.04
EMP-2427,Ruby Burns,27,2903,2,Human Resources,3,5,4,4,4.0,No,NO,0.59
EMP-2428,Adam Porter,35,5666,6,Finance,2,4,3,5,3.5,No,NO,0.21
EMP-2429,Eva Miller,34,11320,11,Engineering,3,1,2,4,2.5,No,NO,0.19
EMP-2430,Ian Wilson,39,8038,4,Research & Development,3,2,1,3,2.25,Yes,YES,0.71
EMP-2431,Serenity Lee,43,8368,7,Sales,4,3,4,3,3.5,No,NO,0.20
EMP-2432,Austin Ramirez,44,18026,8,Sales,3,4,4,3,3.5,Yes,NO,0.52
EMP-2433,Autumn Wright,32,6906,5,Research & Development,2,3,2,2,2.25,No,NO,0.31
EMP-2434,Santiago Adams,35,6679,6,Sales,1,4,1,2,2.0,No,NO,0.47
EMP-2435,Adeline Carter,39,6477,2,Sales,5,2,3,2,3.0,No,NO,0.56
EMP-2436,Jordan Parker,34,7803,3,Sales,3,2,3,3,2.75,Yes,YES,0.79
EMP-2437,Hailey Morales,50,9588,9,Finance,4,1,4,5,3.5,No,NO,0.08
EMP-2438,Cooper Cooper,41,9389,7,Research & Development,1,3,4,5,3.25,Yes,NO,0.26
EMP-2439,Gianna Kim,43,15013,15,Marketing,2,3,3,1,2.25,Yes,NO,0.54
EMP-2440,Alexander Wood,42,17891,17,Sales,2,2,2,1,1.75,Yes,NO,0.49
EMP-2441,Sophia Tucker,46,12895,17,Human Resources,4,3,4,2,3.25,No,YES,0.13
EMP-2442,Liam Crawford,38,14438,3,Engineering,1,1,5,2,2.25,No,NO,0.14
EMP-2443,Olivia Jones,25,8958,4,Sales,2,1,5,2,2.5,Yes,NO,0.79
EMP-2444,Noah Lopez,40,7166,10,Sales,3,4,4,3,3.5,Yes,YES,0.65
EMP-2445,Emma Jackson,31,4072,4,Sales,4,3,3,3,3.25,No,NO,0.58
EMP-2446,Ethan Sanchez,32,8314,5,Sales,5,3,4,3,3.75,No,YES,0.24
EMP-2447,Ava Allen,41,14928,13,Marketing,5,4,4,3,4.0,Yes,NO,0.15
EMP-2448,James Flores,47,17240,19,Engineering,4,4,4,3,3.75,Yes,NO,0.07
EMP-2449,Isabella Campbell,37,9473,10,Research & Development,1,2,2,4,2.25,No,NO,0.21
EMP-2450,Oliver Turner,39,5180,1,Research & Development,1,3,5,4,3.25,No,YES,0.18
EMP-2451,Mia Stewart,51,13227,23,Sales,2,4,3,3,3.0,No,YES,0.15
EMP-2452,Benjamin Ortiz,39,9136,2,Research & Development,3,4,2,2,2.75,No,NO,0.27
EMP-2453,Charlotte Howard,59,13115,19,Human Resources,3,3,2,3,2.75,Yes,NO,0.19
EMP-2454,Elijah Brooks,41,13852,13,Research & Development,4,1,3,2,2.5,Yes,YES,0.32
EMP-2455,Amelia Webb,22,2620,2,Sales,2,2,3,3,2.5,Yes,YES,0.96
EMP-2456,Lucas Snyder,43,10209,3,Research & Development,3,3,1,2,2.25,No,NO,0.22
EMP-2457,Harper Williams,40,14718,13,Research & Development,5,4,4,3,4.0,No,NO,0.03
EMP-2458,Mason Martinez,47,7356,12,Human Resources,3,2,4,2,2.75,No,YES,0.16
EMP-2459,Evelyn Taylor,42,10127,8,Sales,2,1,4,4,2.75,No,YES,0.31
EMP-2460,Logan White,35,7048,4,Finance,2,4,2,1,2.25,Yes,NO,0.63
EMP-2461,Abigail Walker,26,4516,4,Marketing,3,2,4,3,3.0,No,NO,0.30
EMP-2462,Daniel Nguyen,35,4624,10,Sales,3,2,1,2,2.0,No,NO,0.57
EMP-2463,Emily Hall,29,4660,2,Research & Development,2,1,3,1,1.75,Yes,YES,0.83
EMP-2464,Henry Phillips,32,9356,6,Engineering,1,2,3,4,2.5,No,NO,0.23
EMP-2465,Elizabeth Collins,42,9723,14,Marketing,5,3,4,4,4.0,No,NO,0.09
EMP-2466,Jackson Rogers,51,9839,4,Engineering,2,3,3,2,2.5,Yes,NO,0.63
EMP-2467,Mila Reed,40,17721,12,Research & Development,3,1,1,4,2.25,No,NO,0.19
EMP-2468,Sebastian Richardson,26,6225,5,Finance,5,1,3,3,3.0,No,YES,0.28
EMP-2469,Ella Mendoza,40,5684,7,Research & Development,2,1,3,3,2.25,Yes,YES,0.54
